date,epiweek,region,fips,retail_and_recreation_percent_change_from_baseline,grocery_and_pharmacy_percent_change_from_baseline,parks_percent_change_from_baseline,transit_stations_percent_change_from_baseline,workplaces_percent_change_from_baseline,residential_percent_change_from_baseline,kinsa_cases,hospitalization,n_visits,covidnet,positiveIncrease,negativeIncrease,totalTestResultsIncrease,onVentilatorCurrently,inIcuCurrently,recovered,hospitalizedIncrease,deathIncrease,deathCumulative
2020-03-07,202010,X,US,62.0,49.0,127.0,25.0,21.0,-7.0,6.9342129074654775,0.8575585943611728,0.8628810070169485,0.1,520.0,3192.0,3712.0,0.0,0.0,0.0,0.0,16.0,16.0
2020-03-14,202011,X,US,32.0,97.0,141.0,-27.0,-12.0,7.0,6.978340400102459,0.8293957505397878,0.8244648746762686,0.6,3203.0,24317.0,27520.0,0.0,0.0,0.0,0.0,39.0,55.0
2020-03-21,202012,X,US,-159.0,65.0,15.0,-200.0,-178.0,78.0,6.602126956404701,0.8150639922395718,0.6895741870743531,2.4,23626.0,150268.0,173894.0,0.0,0.0,0.0,1964.0,397.0,452.0
2020-03-28,202013,X,US,-291.0,-99.0,-81.0,-330.0,-290.0,122.0,3.5525441717996205,0.8322120349219262,0.5529303691460868,6.4,97448.0,464289.0,561737.0,1139.0,5265.0,5814.0,11785.0,2433.0,2885.0
2020-04-04,202014,X,US,-294.0,-105.0,-111.0,-350.0,-321.0,129.0,1.5850754347384846,0.9144006008073348,0.5019766987139284,8.3,183937.0,720021.0,903958.0,3793.0,27571.0,53658.0,24220.0,7948.0,10833.0
2020-04-11,202015,X,US,-306.0,-98.0,-96.0,-365.0,-338.0,135.0,0.685677794040658,0.9029946490596742,0.44087686030296097,8.3,213998.0,815757.0,1029755.0,29529.0,70659.0,156298.0,20967.0,13508.0,24341.0
2020-04-18,202016,X,US,-310.0,-135.0,-154.0,-358.0,-325.0,131.0,0.3001018580014591,0.7691742028350596,0.38138184447609,8.4,201297.0,823282.0,1024579.0,41926.0,100809.0,318012.0,21964.0,15411.0,39752.0
2020-04-25,202017,X,US,-281.0,-104.0,-60.0,-338.0,-312.0,124.0,0.18151726867687232,0.5095127828018899,0.29359399095396554,5.9,209263.0,1263258.0,1472521.0,38075.0,105069.0,614555.0,18199.0,14002.0,53754.0
2020-05-02,202018,X,US,-245.0,-70.0,12.0,-312.0,-298.0,107.0,0.09512923123845857,0.14053259066871107,0.05924562270805511,,192409.0,1415115.0,1607524.0,33808.0,71683.0,1019624.0,24761.0,12614.0,66368.0
2020-05-09,202019,X,US,,,,,,,,,,,197105.0,1985218.0,2182323.0,45984.0,84192.0,1569765.0,20920.0,12288.0,78656.0
2020-03-07,202010,AL,01,5670.0,2472.0,2012.0,1380.0,976.0,-102.0,5.703203879590176,0.021779265888537718,0.01769067874772189,,0.0,0.0,0.0,0.0,0.0,0.0,0.0,0.0,0.0
2020-03-14,202011,AL,01,4411.0,6314.0,3375.0,1483.0,683.0,-166.0,6.460328097252357,0.02035547767312325,0.016997100251606667,,6.0,22.0,28.0,0.0,0.0,0.0,0.0,0.0,0.0
2020-03-21,202012,AL,01,-5045.0,6519.0,1730.0,-313.0,-6294.0,1568.0,6.866755491910987,0.0205119379165754,0.013746873362896504,,118.0,6.0,124.0,0.0,0.0,0.0,0.0,0.0,0.0
2020-03-28,202013,AL,01,-11696.0,-1048.0,1279.0,-2963.0,-12331.0,2495.0,4.130749484126634,0.01694464436586663,0.009961705612820872,,572.0,4156.0,4728.0,0.0,0.0,0.0,0.0,4.0,4.0
2020-04-04,202014,AL,01,-12137.0,898.0,917.0,-4120.0,-14150.0,2690.0,1.7608459779564047,0.0170228744875927,0.009282884105984695,,884.0,5089.0,5973.0,0.0,0.0,0.0,212.0,40.0,44.0
2020-04-11,202015,AL,01,-10097.0,-1803.0,388.0,-5366.0,-16272.0,2962.0,0.8625143991349999,0.016709954000688424,0.008407794641737194,,1611.0,8785.0,10396.0,0.0,0.0,0.0,190.0,48.0,92.0
2020-04-18,202016,AL,01,-7092.0,-2224.0,-324.0,-4853.0,-15196.0,2639.0,0.2679247238879662,0.014222236129799415,0.006834699584590752,,1464.0,19825.0,21289.0,0.0,0.0,0.0,218.0,61.0,153.0
2020-04-25,202017,AL,01,-6139.0,-1215.0,-259.0,-4170.0,-14445.0,2665.0,0.15866350890632022,0.011468535845041771,0.0052121686133595035,,1482.0,27324.0,28806.0,0.0,0.0,0.0,219.0,56.0,209.0
2020-05-02,202018,AL,01,-3776.0,999.0,1737.0,-2673.0,-13089.0,2184.0,0.03065299886748388,0.004584285133147667,0.001214500217665592,,1297.0,19568.0,20865.0,0.0,0.0,0.0,184.0,79.0,288.0
2020-05-09,202019,AL,01,,,,,,,,,,,2133.0,31152.0,33285.0,0.0,0.0,0.0,205.0,102.0,390.0
2020-03-07,202010,AK,02,627.0,259.0,58.0,173.0,160.0,-14.0,,,,,0.0,4.0,4.0,0.0,0.0,0.0,0.0,,
2020-03-14,202011,AK,02,513.0,469.0,239.0,67.0,-307.0,57.0,,,,,1.0,131.0,132.0,0.0,0.0,0.0,0.0,,
2020-03-21,202012,AK,02,-780.0,202.0,253.0,-477.0,-1083.0,248.0,,,,,13.0,615.0,628.0,0.0,0.0,0.0,0.0,,
2020-03-28,202013,AK,02,-2134.0,-842.0,377.0,-1297.0,-2349.0,467.0,,,,,71.0,2078.0,2149.0,0.0,0.0,0.0,5.0,,
2020-04-04,202014,AK,02,-2330.0,-1071.0,180.0,-1526.0,-2683.0,505.0,,,,,86.0,3033.0,3119.0,0.0,0.0,0.0,11.0,,
2020-04-11,202015,AK,02,-1426.0,-522.0,300.0,-1549.0,-2561.0,500.0,,,,,86.0,1606.0,1692.0,0.0,0.0,228.0,15.0,,
2020-04-18,202016,AK,02,-1044.0,-472.0,147.0,-1475.0,-2442.0,479.0,,,,,57.0,2079.0,2131.0,0.0,0.0,740.0,5.0,,
2020-04-25,202017,AK,02,-753.0,-269.0,542.0,-1386.0,-2305.0,432.0,,,,,25.0,6052.0,6077.0,0.0,0.0,1312.0,0.0,,
2020-05-02,202018,AK,02,-335.0,67.0,1070.0,-1236.0,-2087.0,303.0,,,,,26.0,5641.0,5667.0,0.0,0.0,1670.0,0.0,,
2020-05-09,202019,AK,02,,,,,,,,,,,13.0,5037.0,5050.0,0.0,0.0,2000.0,0.0,,
2020-03-07,202010,AZ,04,1036.0,990.0,1664.0,780.0,197.0,-106.0,3.985794174870074,0.025346559439246484,0.021421245637465048,,3.0,17.0,20.0,0.0,0.0,0.0,0.0,0.0,0.0
2020-03-14,202011,AZ,04,766.0,1442.0,1092.0,632.0,-577.0,70.0,4.6378197215674914,0.02335951434740432,0.019471109504238943,,7.0,77.0,84.0,0.0,0.0,0.0,0.0,0.0,1.0
2020-03-21,202012,AZ,04,-1590.0,1538.0,195.0,-234.0,-2330.0,649.0,4.482511014433915,0.023249992176987824,0.01866537788960296,,92.0,119.0,211.0,0.0,0.0,0.0,0.0,1.0,15.0
2020-03-28,202013,AZ,04,-3916.0,-1039.0,-1234.0,-2146.0,-3439.0,1097.0,2.4262925768364623,0.020496291892230185,0.015327346914682469,,769.0,7215.0,7984.0,0.0,0.0,0.0,0.0,14.0,52.0
2020-04-04,202014,AZ,04,-4164.0,-1368.0,-1671.0,-2611.0,-3935.0,1191.0,0.4238571420015664,0.01979222079669556,0.011828464756620357,,1146.0,17686.0,18832.0,0.0,0.0,0.0,0.0,37.0,117.0
2020-04-11,202015,AZ,04,-4162.0,-1555.0,-2457.0,-3020.0,-4260.0,1278.0,0.3924055104523455,0.0175861313640204,0.009685012063838736,,1374.0,11996.0,13370.0,0.0,0.0,0.0,0.0,65.0,180.0
2020-04-18,202016,AZ,04,-3932.0,-1809.0,-2228.0,-2838.0,-4148.0,1237.0,0.1644601742838971,0.014347404324561127,0.00795106582355068,,1326.0,9189.0,10515.0,1157.0,1706.0,2172.0,0.0,63.0,273.0
2020-04-25,202017,AZ,04,-3391.0,-1352.0,-1348.0,-2430.0,-4017.0,1186.0,0.2917789620690219,0.009700535094032604,0.006445852917087856,,1561.0,9902.0,11463.0,1322.0,2103.0,8509.0,1022.0,93.0,330.0
2020-05-02,202018,AZ,04,-2895.0,-736.0,-1152.0,-2174.0,-3920.0,996.0,0.0,0.00265982413868636,0.001412981723468778,,2084.0,13405.0,15489.0,1363.0,2164.0,10318.0,317.0,57.0,
2020-05-09,202019,AZ,04,,,,,,,,,,,2596.0,48347.0,50943.0,1349.0,2038.0,12746.0,175.0,532.0,532.0
2020-03-07,202010,AR,05,7376.0,4801.0,2603.0,744.0,1230.0,-261.0,9.914942919787649,0.006023719372907343,0.009295427546871888,,0.0,0.0,0.0,0.0,0.0,0.0,0.0,0.0,0.0
2020-03-14,202011,AR,05,4355.0,6121.0,1593.0,822.0,889.0,29.0,6.592293146338315,0.006430516005882905,0.00871252647034952,,12.0,59.0,71.0,0.0,0.0,0.0,0.0,0.0,0.0
2020-03-21,202012,AR,05,-4542.0,5133.0,545.0,-360.0,-6722.0,1085.0,6.155792809105402,0.006039365397252558,0.007409484317009643,,106.0,502.0,608.0,0.0,0.0,0.0,0.0,0.0,0.0
2020-03-28,202013,AR,05,-11095.0,-2073.0,1643.0,-1913.0,-12548.0,1515.0,3.755269780047223,0.0050693118878492975,0.005490337861269544,,286.0,2371.0,2657.0,51.0,0.0,67.0,0.0,5.0,5.0
2020-04-04,202014,AR,05,-9912.0,963.0,748.0,-2467.0,-12513.0,1550.0,0.9931231866174428,0.004631223206183309,0.004477270547262948,,339.0,6689.0,7028.0,157.0,0.0,320.0,106.0,9.0,14.0
2020-04-11,202015,AR,05,-5567.0,-43.0,1792.0,-3154.0,-14019.0,1574.0,0.16472351287272222,0.004333948743624245,0.0036250544163979673,,483.0,7725.0,8208.0,202.0,0.0,1489.0,42.0,11.0,25.0
2020-04-18,202016,AR,05,-3593.0,-748.0,729.0,-2885.0,-13975.0,1487.0,0.016662653566085144,0.0035829395750539782,0.003019280006493076,,513.0,5050.0,5563.0,177.0,0.0,3518.0,291.0,13.0,38.0
2020-04-25,202017,AR,05,-2907.0,-335.0,1120.0,-2573.0,-12174.0,1547.0,7.576062689733519e-06,0.002894514503864568,0.0020681920474584768,,1090.0,12822.0,13912.0,172.0,0.0,5937.0,0.0,10.0,48.0
2020-05-02,202018,AR,05,-1432.0,938.0,2712.0,-1746.0,-11291.0,1177.0,7.254604287549111e-05,0.0005632568764276997,0.0004286905385563237,,543.0,12986.0,13529.0,154.0,0.0,9632.0,414.0,24.0,72.0
2020-05-09,202019,AR,05,,,,,,,,,,,375.0,13571.0,13946.0,108.0,0.0,15415.0,57.0,16.0,88.0
2020-03-07,202010,CA,06,2877.0,2594.0,5054.0,665.0,734.0,-170.0,9.42101670125335,0.049676127296054064,0.05815581904979746,0.2,16.0,0.0,16.0,0.0,0.0,0.0,0.0,1.0,1.0
2020-03-14,202011,CA,06,601.0,4611.0,2970.0,-1990.0,-523.0,545.0,9.826803514269276,0.04454423131082391,0.051651676025057366,0.9,183.0,454.0,637.0,0.0,0.0,0.0,0.0,2.0,3.0
2020-03-21,202012,CA,06,-9885.0,2632.0,-4108.0,-8445.0,-10778.0,3915.0,8.087629255309674,0.04063272522452045,0.04201388632691159,2.0,1027.0,10333.0,11360.0,0.0,0.0,0.0,0.0,22.0,25.0
2020-03-28,202013,CA,06,-16772.0,-6561.0,-7828.0,-13020.0,-16287.0,5490.0,2.9767750548144405,0.035031448508933874,0.031160858561636258,3.1,3364.0,9300.0,12664.0,0.0,610.0,0.0,1034.0,85.0,110.0
2020-04-04,202014,CA,06,-16090.0,-5607.0,-8043.0,-13205.0,-17096.0,5392.0,1.3292690367263915,0.03085396000876177,0.02660021102494669,3.2,7383.0,81125.0,88508.0,0.0,5163.0,0.0,1783.0,179.0,289.0
2020-04-11,202015,CA,06,-14880.0,-5612.0,-11511.0,-13847.0,-17992.0,5811.0,0.4493271967162106,0.027787339237099848,0.02186912026208413,3.4,7446.0,50930.0,58376.0,0.0,8255.0,0.0,4344.5,315.0,604.0
2020-04-18,202016,CA,06,-15859.0,-5252.0,-8060.0,-12248.0,-16858.0,5353.0,0.3400108033459757,0.022358168789310632,0.017115156165839047,2.9,9491.0,78099.0,87590.0,0.0,9986.0,0.0,2763.75,536.0,1140.0
2020-04-25,202017,CA,06,-16613.0,-3771.0,-5737.0,-11477.0,-16128.0,5120.0,0.2981894145104608,0.011233845479863565,0.010970345830043757,1.1,12174.0,234195.0,246369.0,0.0,10500.0,0.0,3465.125,549.0,1689.0
2020-05-02,202018,CA,06,-14815.0,-2349.0,-3852.0,-10388.0,-15523.0,4434.0,0.1688721302742658,0.0022530275057107987,0.002018018283909717,,11060.0,169708.0,180768.0,0.0,10309.0,0.0,2989.4375,491.0,2180.0
2020-05-09,202019,CA,06,,,,,,,,,,,12364.0,213403.0,225767.0,0.0,9800.0,0.0,0.0,507.0,2687.0
2020-03-07,202010,CO,08,2865.0,2480.0,2783.0,833.0,877.0,-151.0,6.857867115695004,0.006352285884156836,0.010480413785979385,0.0,8.0,36.0,44.0,0.0,0.0,0.0,0.0,0.0,0.0
2020-03-14,202011,CO,08,1650.0,4605.0,2004.0,88.0,-66.0,121.0,7.128005666252912,0.005976781299871704,0.010898774432040377,0.6,93.0,555.0,648.0,0.0,0.0,0.0,0.0,0.0,0.0
2020-03-21,202012,CO,08,-8330.0,1603.0,-1060.0,-3455.0,-9210.0,1566.0,6.3623745136890975,0.0069624808336201756,0.008829844535117945,3.4,262.0,2707.0,2969.0,0.0,0.0,0.0,44.0,6.0,6.0
2020-03-28,202013,CO,08,-13429.0,-5326.0,-1095.0,-5414.0,-13091.0,1999.0,4.613152563923704,0.007588321807428731,0.007532705177489689,8.4,1371.0,6625.0,7996.0,0.0,0.0,0.0,195.0,25.0,31.0
2020-04-04,202014,CO,08,-13677.0,-7009.0,-2244.0,-5724.0,-14517.0,2164.0,1.7780310296610635,0.008558375316831991,0.007353407757749264,11.8,2439.0,7956.0,10395.0,0.0,0.0,0.0,584.0,80.0,111.0
2020-04-11,202015,CO,08,-7746.0,-3229.0,788.0,-5738.0,-14642.0,2049.0,0.3747106166525129,0.007713490002190444,0.0064967645301005714,13.0,2337.0,8245.0,10582.0,0.0,0.0,0.0,489.0,139.0,250.0
2020-04-18,202016,CO,08,-8049.0,-4108.0,-5209.0,-5998.0,-14491.0,2231.0,0.030745741676367306,0.006414869981537691,0.005896892915907297,11.2,2537.0,8117.0,10654.0,0.0,0.0,0.0,443.0,139.0,389.0
2020-04-25,202017,CO,08,-6432.0,-2819.0,545.0,-4926.0,-13489.0,1998.0,0.03035219494272485,0.004912851644397158,0.005372281947037164,4.1,3209.0,10273.0,13482.0,0.0,0.0,2086.0,611.0,295.0,684.0
2020-05-02,202018,CO,08,-5374.0,-1827.0,2474.0,-4129.0,-12552.0,1673.0,0.0,0.0012829739963075382,0.0008802544104951709,,3512.0,16648.0,20160.0,0.0,0.0,16304.0,381.0,148.0,832.0
2020-05-09,202019,CO,08,,,,,,,,,,,3059.0,16764.0,19823.0,0.0,0.0,19513.0,853.0,135.0,967.0
2020-03-07,202010,CT,09,430.0,338.0,1184.0,78.0,194.0,-42.0,4.950550944193816,0.005194480082611008,0.006715167971430468,0.1,0.0,0.0,0.0,0.0,0.0,0.0,0.0,0.0,0.0
2020-03-14,202011,CT,09,293.0,1025.0,2437.0,-312.0,-50.0,84.0,5.661256433086884,0.005131895985230153,0.006246633561820718,0.6,11.0,125.0,136.0,0.0,0.0,0.0,0.0,0.0,0.0
2020-03-21,202012,CT,09,-1502.0,622.0,1821.0,-1637.0,-1689.0,778.0,5.068369902417799,0.004865913571361518,0.005147975709995647,4.3,183.0,1981.0,2164.0,0.0,0.0,0.0,0.0,4.0,4.0
2020-03-28,202013,CT,09,-2722.0,-1055.0,1209.0,-2571.0,-2632.0,1170.0,3.442828045976744,0.005867259129455205,0.004837341085671704,17.6,1097.0,5003.0,6100.0,0.0,0.0,0.0,0.0,29.0,33.0
2020-04-04,202014,CT,09,-2785.0,-1019.0,243.0,-2895.0,-2882.0,1241.0,2.475206048153116,0.007306693369214881,0.00522987700049436,33.8,3985.0,9644.0,13629.0,0.0,0.0,0.0,0.0,132.0,165.0
2020-04-11,202015,CT,09,-2721.0,-917.0,1106.0,-2813.0,-3107.0,1272.0,1.3885522066136593,0.008527083268141564,0.005175276140161885,35.6,6234.0,11568.0,17802.0,0.0,0.0,0.0,0.0,329.0,494.0
2020-04-18,202016,CT,09,-2861.0,-1553.0,668.0,-2600.0,-3037.0,1255.0,0.5227978779035154,0.008949525925462339,0.004781264526411322,33.7,5299.0,10332.0,15631.0,0.0,0.0,0.0,0.0,592.0,1086.0
2020-04-25,202017,CT,09,-2467.0,-1206.0,1088.0,-2351.0,-2812.0,1198.0,0.4591078465592826,0.006148887567669055,0.0037785271049000585,22.5,7773.0,14367.0,22140.0,0.0,0.0,0.0,0.0,779.0,1865.0
2020-05-02,202018,CT,09,-2309.0,-1016.0,781.0,-2190.0,-2761.0,1120.0,0.2846530099344217,0.002018337140532589,0.0008256535501626959,,4182.0,18473.0,22655.0,0.0,0.0,8692.0,7758.0,571.0,2436.0
2020-05-09,202019,CT,09,,,,,,,,,,,4220.0,19092.0,23312.0,0.0,0.0,33623.0,1631.0,496.0,2932.0
2020-03-07,202010,DE,10,281.0,103.0,462.0,126.0,84.0,-20.0,10.179162463010863,0.003567293550708764,0.002812682156586413,,0.0,0.0,0.0,0.0,0.0,0.0,0.0,0.0,0.0
2020-03-14,202011,DE,10,223.0,287.0,1212.0,80.0,6.0,7.0,10.072707504086658,0.003974090183684326,0.002734470113407463,,6.0,26.0,32.0,0.0,0.0,0.0,0.0,0.0,0.0
2020-03-21,202012,DE,10,-491.0,121.0,939.0,-582.0,-633.0,268.0,8.932371062817365,0.0033326031855305557,0.002434903231042803,,39.0,0.0,39.0,0.0,0.0,0.0,0.0,0.0,0.0
2020-03-28,202013,DE,10,-1124.0,-557.0,-225.0,-1193.0,-1069.0,461.0,5.881077583183342,0.002706762211722001,0.0019980963483830034,,169.0,0.0,169.0,0.0,0.0,22.0,31.0,5.0,5.0
2020-04-04,202014,DE,10,-1108.0,-593.0,-39.0,-1165.0,-1167.0,477.0,3.263028292958007,0.0035360015020183366,0.0018852053803982915,,379.0,5838.0,6217.0,0.0,0.0,280.0,79.5,9.0,14.0
2020-04-11,202015,DE,10,-1097.0,-572.0,328.0,-1181.0,-1265.0,497.0,1.3994649492803866,0.0036142316237444063,0.0017140243047613429,,886.0,4541.0,5274.0,0.0,0.0,971.0,150.25,19.0,33.0
2020-04-18,202016,DE,10,-1164.0,-656.0,-304.0,-1263.0,-1258.0,505.0,0.5734285265440615,0.003723753794160903,0.0015863763474975837,,844.0,2070.0,2914.0,0.0,0.0,2259.0,148.875,34.0,67.0
2020-04-25,202017,DE,10,-1009.0,-511.0,16.0,-1120.0,-1184.0,481.0,0.16684287000555673,0.0029101605282097816,0.0010632410775553572,,1253.0,2800.0,3784.0,0.0,0.0,4280.0,225.5625,45.0,112.0
2020-05-02,202018,DE,10,-933.0,-429.0,-67.0,-1027.0,-1154.0,435.0,0.21267318166148705,0.0003598585599399192,0.000157899785285806,,1462.0,3952.0,5414.0,0.0,0.0,8400.0,187.21875,56.0,168.0
2020-05-09,202019,DE,10,,,,,,,,,,,1239.0,4945.0,6184.0,0.0,0.0,14059.0,0.0,53.0,221.0
2020-03-07,202010,DC,11,35.0,10.0,17.0,21.0,12.0,-4.0,10.108403747085717,0.0016428325562474575,0.0019744851655365274,,0.0,2.0,2.0,0.0,0.0,0.0,0.0,0.0,0.0
2020-03-14,202011,DC,11,-22.0,46.0,51.0,-58.0,-37.0,14.0,10.003092412885712,0.0013924961667240356,0.002023183230157384,,10.0,41.0,51.0,0.0,0.0,0.0,0.0,0.0,0.0
2020-03-21,202012,DC,11,-307.0,-62.0,-185.0,-380.0,-317.0,119.0,9.926419415657145,0.0014707262884501044,0.0018844675309343392,,67.0,457.0,524.0,0.0,0.0,0.0,0.0,0.0,0.0
2020-03-28,202013,DC,11,-420.0,-193.0,-361.0,-495.0,-413.0,163.0,4.149565652171429,0.0019401070188065207,0.0016380258099742491,,227.0,1705.0,1932.0,0.0,0.0,121.0,0.0,4.0,4.0
2020-04-04,202014,DC,11,-428.0,-197.0,-395.0,-515.0,-436.0,171.0,1.5226144675428572,0.0019088149701160934,0.001643928605685868,,598.0,3325.0,3923.0,0.0,0.0,1049.0,0.0,17.0,21.0
2020-04-11,202015,DC,11,-449.0,-229.0,-425.0,-525.0,-448.0,177.0,0.9911716878285712,0.001830584848390024,0.0016107253798080116,,876.0,2725.0,3601.0,0.0,0.0,2490.0,0.0,26.0,47.0
2020-04-18,202016,DC,11,-460.0,-238.0,-441.0,-532.0,-446.0,178.0,0.0346018294,0.001689770629283099,0.0013797784975909215,,888.0,2341.0,3229.0,378.0,610.0,3781.0,313.0,44.0,91.0
2020-04-25,202017,DC,11,-451.0,-229.0,-415.0,-526.0,-441.0,175.0,0.0,0.0011421597772006133,0.0009887182816961683,,1033.0,3001.0,4034.0,624.0,825.0,4484.0,245.5,74.0,165.0
2020-05-02,202018,DC,11,-438.0,-211.0,-405.0,-522.0,-435.0,163.0,0.05465578759999999,0.0004067966329755608,0.0002154520434740904,,1098.0,3604.0,4702.0,69.0,120.0,4628.0,0.0,75.0,240.0
2020-05-09,202019,DC,11,,,,,,,,,,,1305.0,4874.0,6179.0,546.0,780.0,5336.0,0.0,71.0,311.0
2020-03-07,202010,FL,12,4320.0,3018.0,3547.0,2063.0,685.0,-144.0,4.565859291066818,0.09811621866883624,0.061439249164385486,,12.0,76.0,88.0,0.0,0.0,0.0,0.0,0.0,0.0
2020-03-14,202011,FL,12,3638.0,5440.0,5460.0,1718.0,-56.0,129.0,5.885259466846772,0.09617611165002972,0.059618974536815014,,63.0,378.0,441.0,0.0,0.0,0.0,0.0,2.0,2.0
2020-03-21,202012,FL,12,-5505.0,5823.0,1409.0,-4000.0,-8541.0,2527.0,8.194456628825776,0.09464280126419876,0.0518634388212117,,581.0,6101.0,6682.0,0.0,0.0,0.0,158.0,11.0,13.0
2020-03-28,202013,FL,12,-15564.0,-3647.0,-8665.0,-10801.0,-14470.0,4456.0,4.3155875457184445,0.09143536627342992,0.03977156180596035,,3105.0,28787.0,31892.0,0.0,0.0,0.0,368.0,41.0,54.0
2020-04-04,202014,FL,12,-16715.0,-4951.0,-12675.0,-12691.0,-16654.0,5002.0,1.7738608085388945,0.08778984260099508,0.03297301684510326,,7348.0,55590.0,62938.0,0.0,0.0,0.0,936.0,141.0,195.0
2020-04-11,202015,FL,12,-16335.0,-6898.0,-14283.0,-14191.0,-18709.0,5415.0,1.0116531620231044,0.07863691835904496,0.02785381726420176,,7383.0,63483.0,70866.0,0.0,0.0,0.0,1199.0,243.0,438.0
2020-04-18,202016,FL,12,-15056.0,-7926.0,-15807.0,-13985.0,-18072.0,5297.0,0.33056540673901097,0.06521262947085145,0.02392919596543913,,6775.0,66819.0,73594.0,0.0,0.0,0.0,1181.0,310.0,748.0
2020-04-25,202017,FL,12,-13479.0,-5915.0,-12959.0,-12973.0,-16988.0,5043.0,0.04261032802992416,0.040069468348092746,0.016557341971091058,,5570.0,81002.0,86572.0,0.0,0.0,0.0,1203.0,307.0,1055.0
2020-05-02,202018,FL,12,-11450.0,-3993.0,-8534.0,-11021.0,-15922.0,4292.0,0.029922050003462288,0.010295084019150727,0.003567502158209683,,4624.0,78289.0,82913.0,0.0,0.0,0.0,900.0,309.0,1364.0
2020-05-09,202019,FL,12,,,,,,,,,,,4538.0,107181.0,111719.0,0.0,0.0,0.0,1380.0,351.0,1715.0
2020-03-07,202010,GA,13,9909.0,4617.0,2035.0,1836.0,1202.0,-20.0,3.936863622287715,0.02630096692430453,0.02693076758479735,0.3,4.0,0.0,4.0,0.0,0.0,0.0,0.0,0.0,0.0
2020-03-14,202011,GA,13,9555.0,13736.0,6655.0,1991.0,369.0,-97.0,5.763797496423342,0.026128860656507186,0.027260586295184058,1.6,60.0,0.0,60.0,0.0,0.0,0.0,0.0,1.0,1.0
2020-03-21,202012,GA,13,-9149.0,12996.0,3272.0,-1014.0,-15240.0,3181.0,6.0005177608837545,0.0286322245517414,0.021267035099499003,5.2,441.0,2557.0,2998.0,0.0,0.0,0.0,0.0,19.0,20.0
2020-03-28,202013,GA,13,-26276.0,-3325.0,-677.0,-5364.0,-27565.0,4813.0,3.3361868742457927,0.03016553493757236,0.016136767776638212,8.1,1859.0,6128.0,7987.0,0.0,0.0,0.0,617.0,49.0,69.0
2020-04-04,202014,GA,13,-27667.0,-895.0,-2241.0,-7464.0,-33498.0,5222.0,1.3198751951561731,0.0297587383045968,0.013470917663378318,6.0,3794.0,11449.0,15243.0,0.0,0.0,0.0,622.0,132.0,201.0
2020-04-11,202015,GA,13,-19877.0,-5465.0,-1356.0,-8955.0,-39276.0,5730.0,0.6119412837687338,0.02700503801983916,0.012195913789668632,5.1,5999.0,19422.0,25421.0,0.0,0.0,0.0,1240.0,228.0,429.0
2020-04-18,202016,GA,13,-14434.0,-4865.0,-2533.0,-8448.0,-35034.0,5241.0,0.1560223013420857,0.02080921237913446,0.010804329700654472,3.0,5510.0,16983.0,22493.0,0.0,0.0,0.0,941.0,244.0,673.0
2020-04-25,202017,GA,13,-13056.0,-3856.0,-2739.0,-7722.0,-32901.0,5303.0,0.02218470139115569,0.013299120693431796,0.009088091847501272,0.8,5026.0,39780.0,44806.0,0.0,0.0,0.0,906.0,234.0,907.0
2020-05-02,202018,GA,13,-7319.0,-292.0,1634.0,-4862.0,-29642.0,4271.0,0.02416654941621852,0.003676815721125261,0.0017951877457961028,,5611.0,50175.0,55786.0,0.0,0.0,0.0,1061.0,270.0,1177.0
2020-05-09,202019,GA,13,,,,,,,,,,,4226.0,56298.0,60524.0,0.0,0.0,0.0,600.0,226.0,1403.0
2020-03-07,202010,ID,16,2277.0,2443.0,1497.0,732.0,817.0,-121.0,6.9213139053758965,0.0028788684795193536,0.002792022371595748,,0.0,0.0,0.0,0.0,0.0,0.0,0.0,0.0,0.0
2020-03-14,202011,ID,16,1743.0,3835.0,1572.0,552.0,612.0,-84.0,6.316439044616951,0.002816284382138498,0.0027551298983981287,,2.0,147.0,149.0,0.0,0.0,0.0,0.0,0.0,0.0
2020-03-21,202012,ID,16,-1465.0,3452.0,2512.0,-235.0,-3486.0,584.0,6.333576007128407,0.002675470163031573,0.0026304333389901803,,29.0,706.0,735.0,0.0,0.0,0.0,0.0,0.0,0.0
2020-03-28,202013,ID,16,-6650.0,-946.0,1459.0,-1168.0,-7845.0,955.0,3.131496527134912,0.0024407797978533647,0.0019235735525238145,,199.0,2462.0,2661.0,0.0,0.0,0.0,25.0,4.0,4.0
2020-04-04,202014,ID,16,-8758.0,-2630.0,650.0,-1742.0,-9311.0,1035.0,0.7866908635703096,0.002456425822198579,0.002005474843022527,,783.0,4515.0,5298.0,0.0,0.0,0.0,37.0,6.0,10.0
2020-04-11,202015,ID,16,-3274.0,-470.0,2390.0,-1619.0,-9384.0,942.0,0.3804936132545444,0.0020496291892230178,0.0015885898958894408,,383.0,4511.0,4894.0,0.0,0.0,0.0,66.0,15.0,25.0
2020-04-18,202016,ID,16,-2664.0,-473.0,2430.0,-1612.0,-8727.0,970.0,0.3781374203574588,0.0014081421910692492,0.00123884924997602,,259.0,2586.0,2845.0,0.0,0.0,843.0,23.0,18.0,43.0
2020-04-25,202017,ID,16,-2124.0,-179.0,2587.0,-1166.0,-8147.0,896.0,0.3483218021385106,0.0006414869981537691,0.0009820776365205973,,215.0,2537.0,2752.0,0.0,0.0,4931.0,17.0,13.0,56.0
2020-05-02,202018,ID,16,-1581.0,100.0,3473.0,-580.0,-7700.0,692.0,0.0,7.823012172606941e-05,0.00011879376369633069,,165.0,9964.0,10129.0,0.0,0.0,7558.0,10.0,8.0,64.0
2020-05-09,202019,ID,16,,,,,,,,,,,170.0,2146.0,2316.0,0.0,0.0,9532.0,28.0,3.0,67.0
2020-03-07,202010,IL,17,9183.0,5466.0,5035.0,1704.0,1779.0,-364.0,6.821962231793774,0.03299746534405607,0.029825351031882483,,2.0,67.0,69.0,0.0,0.0,0.0,0.0,0.0,0.0
2020-03-14,202011,IL,17,5761.0,9635.0,3090.0,840.0,194.0,93.0,6.411126505224358,0.0320117658103076,0.02822052844778608,,40.0,125.0,165.0,0.0,0.0,0.0,0.0,0.0,0.0
2020-03-21,202012,IL,17,-13472.0,11783.0,-538.0,-2729.0,-11840.0,2755.0,5.917001289315188,0.03116688049566605,0.02224394778977193,,707.0,5172.0,5879.0,0.0,0.0,0.0,0.0,6.0,6.0
2020-03-28,202013,IL,17,-26674.0,-6279.0,-1341.0,-6640.0,-23001.0,4143.0,3.5398370748705505,0.033701536439590694,0.016724095949944298,,2738.0,16512.0,19250.0,0.0,0.0,0.0,0.0,41.0,47.0
2020-04-04,202014,IL,17,-22485.0,-1804.0,1468.0,-6461.0,-23660.0,3967.0,1.1877319953582044,0.03977219388553368,0.016259250787654306,,6866.0,21224.0,28090.0,0.0,0.0,0.0,0.0,197.0,244.0
2020-04-11,202015,IL,17,-13119.0,-912.0,2507.0,-6744.0,-25494.0,4005.0,0.3889207593018089,0.044387771067371774,0.0138398423953545,,8823.0,29745.0,38568.0,4105.0,5830.0,0.0,3680.0,433.0,677.0
2020-04-18,202016,IL,17,-11377.0,-2634.0,-491.0,-7044.0,-24193.0,4101.0,0.1801218876369189,0.04255718621898175,0.012771436371551476,,9980.0,35275.0,45255.0,5548.0,8346.0,0.0,2500.0,582.0,1259.0
2020-04-25,202017,IL,17,-9481.0,-1609.0,1815.0,-6155.0,-22956.0,3922.0,0.18170838686101606,0.03135463278780862,0.010373425613706293,,12617.0,51596.0,64213.0,5272.0,8618.0,0.0,3449.0,616.0,1875.0
2020-05-02,202018,IL,17,-7625.0,-327.0,3801.0,-4678.0,-21834.0,3464.0,0.09400630645321184,0.009325030509747471,0.002273314198437235,,16728.0,81551.0,98279.0,5441.0,8853.0,0.0,2992.5,684.0,2559.0
2020-05-09,202019,IL,17,,,,,,,,,,,17580.0,98855.0,116435.0,5314.0,8651.0,0.0,0.0,790.0,3349.0
2020-03-07,202010,IN,18,9549.0,5617.0,2712.0,2375.0,1976.0,-366.0,6.5645252606720295,0.01472290890884626,0.018781958104907442,,0.0,0.0,0.0,0.0,0.0,0.0,0.0,0.0,0.0
2020-03-14,202011,IN,18,5761.0,10335.0,2167.0,2066.0,624.0,148.0,6.561951935671536,0.014269174202835057,0.01855396262054616,,14.0,74.0,88.0,0.0,0.0,0.0,0.0,0.0,0.0
2020-03-21,202012,IN,18,-11655.0,11845.0,975.0,-543.0,-10873.0,3040.0,6.3769682398405445,0.013815439496823857,0.014883161537383144,,111.0,633.0,744.0,0.0,0.0,0.0,1.0,4.0,4.0
2020-03-28,202013,IN,18,-23751.0,-5271.0,756.0,-4944.0,-22616.0,4479.0,2.5181427249349264,0.014472572519322838,0.0110935666905238,,1106.0,6468.0,7574.0,0.0,0.0,0.0,0.0,27.0,31.0
2020-04-04,202014,IN,18,-22538.0,-5490.0,2291.0,-5653.0,-25518.0,4637.0,0.9224557909742764,0.015426980004380884,0.009690177010086402,,2721.0,8672.0,11393.0,0.0,0.0,0.0,0.0,85.0,116.0
2020-04-11,202015,IN,18,-14149.0,-2694.0,3345.0,-6153.0,-27030.0,4440.0,0.6190847082582277,0.013768501423788214,0.008116344103476008,,3482.0,15933.0,19415.0,3022.0,5336.0,0.0,0.0,214.0,330.0
2020-04-18,202016,IN,18,-12605.0,-4113.0,569.0,-6221.0,-25436.0,4767.0,0.19153148416436785,0.011844040429326906,0.007547462166768735,,3206.0,14452.0,17658.0,3016.0,5015.0,0.0,0.0,215.0,545.0
2020-04-25,202017,IN,18,-9495.0,-2202.0,2627.0,-5067.0,-24124.0,4414.0,0.6209718890486222,0.007603967831773945,0.0058445056039666795,,3754.0,19147.0,22901.0,2379.0,4498.0,0.0,0.0,241.0,786.0
2020-05-02,202018,IN,18,-7123.0,-306.0,3267.0,-3452.0,-22836.0,3868.0,0.3227541131442081,0.0017992927996995966,0.0008123722598115532,,4900.0,19467.0,24367.0,1907.0,3836.0,0.0,0.0,329.0,1115.0
2020-05-09,202019,IN,18,,,,,,,,,,,4437.0,27108.0,31545.0,1704.0,3391.0,0.0,4389.0,375.0,1490.0
2020-03-07,202010,IA,19,5356.0,5513.0,1880.0,449.0,2006.0,-225.0,10.323035327828247,0.007603967831773945,0.01146249142249998,0.0,0.0,0.0,0.0,0.0,0.0,0.0,0.0,0.0,0.0
2020-03-14,202011,IA,19,3437.0,7971.0,1321.0,489.0,971.0,-40.0,8.020902310624015,0.008182870732546858,0.010910580023463613,0.0,17.0,68.0,85.0,0.0,0.0,0.0,0.0,0.0,0.0
2020-03-21,202012,IA,19,-13603.0,9050.0,416.0,-946.0,-10144.0,1355.0,7.160334970725466,0.006978126857965391,0.008027802167801723,0.8,51.0,966.0,1017.0,0.0,0.0,0.0,0.0,0.0,0.0
2020-03-28,202013,IA,19,-22433.0,-2377.0,957.0,-2320.0,-16255.0,1971.0,3.9477837395825914,0.006227117689395124,0.005290380656538454,0.0,230.0,3326.0,3556.0,0.0,0.0,48.0,61.0,3.0,3.0
2020-04-04,202014,IA,19,-20342.0,-688.0,1961.0,-2344.0,-18337.0,1961.0,0.9356770915654994,0.00564821478862221,0.004179179363826193,0.8,488.0,5079.0,5567.0,0.0,0.0,613.0,92.0,11.0,14.0
2020-04-11,202015,IA,19,-7091.0,-209.0,2234.0,-2740.0,-20302.0,1991.0,0.027231695704318368,0.005491754545170072,0.003705480007968775,5.3,724.0,6168.0,6892.0,60.0,110.0,2811.0,40.0,20.0,34.0
2020-04-18,202016,IA,19,-5898.0,-801.0,590.0,-2851.0,-19437.0,2138.0,0.0032193050382206645,0.0052101261069562215,0.0032989249533310213,14.3,1003.0,4812.0,5815.0,306.0,532.0,6153.0,0.0,40.0,74.0
2020-04-25,202017,IA,19,-4466.0,-145.0,3193.0,-1719.0,-18309.0,1908.0,0.0042049704942078645,0.002472071846543793,0.002562551188306562,12.1,2579.0,8824.0,11403.0,404.0,672.0,9946.0,0.0,38.0,112.0
2020-05-02,202018,IA,19,-3493.0,485.0,3245.0,-1084.0,-17840.0,1629.0,0.00010213032127816043,0.0003598585599399192,0.000275217850054232,,3549.0,8450.0,11999.0,518.0,770.0,17265.0,0.0,63.0,175.0
2020-05-09,202019,IA,19,,,,,,,,,,,3030.0,22097.0,25127.0,705.0,1055.0,28148.0,0.0,77.0,252.0
2020-03-07,202010,KS,20,5122.0,2054.0,3400.0,1305.0,1273.0,-304.0,8.415521666403839,0.006414869981537691,0.0058939415180514895,,0.0,7.0,7.0,0.0,0.0,0.0,0.0,0.0,0.0
2020-03-14,202011,KS,20,3137.0,3574.0,1567.0,1075.0,-1383.0,49.0,6.293762936841415,0.005413524423444002,0.005355311409366262,,6.0,82.0,88.0,0.0,0.0,0.0,0.0,1.0,1.0
2020-03-21,202012,KS,20,-3943.0,4805.0,1165.0,-229.0,-6773.0,1124.0,5.0826762179093254,0.005272710204337078,0.0043916800094444715,,49.0,324.0,373.0,0.0,0.0,0.0,0.0,1.0,2.0
2020-03-28,202013,KS,20,-10252.0,-1071.0,1808.0,-1833.0,-10339.0,1710.0,2.17671218080502,0.0047720374252902325,0.0034169808675634,,206.0,3254.0,3460.0,0.0,0.0,0.0,27.0,2.0,4.0
2020-04-04,202014,KS,20,-12552.0,-3294.0,1901.0,-2523.0,-13075.0,1922.0,0.7101687251600728,0.004584285133147667,0.002883515705125841,,437.0,3209.0,3646.0,0.0,0.0,0.0,145.0,17.0,21.0
2020-04-11,202015,KS,20,-6217.0,-1644.0,2915.0,-2727.0,-14203.0,1811.0,0.1422565392514431,0.0039584441593391115,0.0023530019405440905,,570.0,4195.0,4765.0,0.0,0.0,0.0,121.0,34.0,55.0
2020-04-18,202016,KS,20,-5658.0,-1939.0,1008.0,-2944.0,-13363.0,1907.0,0.07344764131869252,0.0038332759645774,0.0021117251658316675,,522.0,4811.0,5333.0,0.0,0.0,0.0,90.0,30.0,85.0
2020-04-25,202017,KS,20,-4413.0,-1284.0,2774.0,-2543.0,-12785.0,1811.0,0.047525093637184164,0.002831930406483712,0.0015354647344848705,,1266.0,6257.0,7523.0,0.0,0.0,0.0,91.0,35.0,120.0
2020-05-02,202018,KS,20,-3282.0,-578.0,3690.0,-1430.0,-12166.0,1517.0,2.703140016941923e-05,0.0005789029007729135,0.0001866759143799482,,1690.0,8053.0,9743.0,0.0,0.0,1104.0,67.0,22.0,142.0
2020-05-09,202019,KS,20,,,,,,,,,,,2005.0,12986.0,14991.0,0.0,0.0,2196.0,94.0,32.0,174.0
2020-03-07,202010,KY,21,10877.0,6311.0,1701.0,1123.0,1829.0,-184.0,8.347851548322678,0.01897862753074444,0.02314412413579382,,1.0,2.0,3.0,0.0,0.0,0.0,0.0,0.0,0.0
2020-03-14,202011,KY,21,5844.0,9382.0,1363.0,852.0,117.0,117.0,7.521470028338822,0.02032418562443283,0.02270215230688636,,13.0,130.0,143.0,0.0,0.0,0.0,0.0,0.0,0.0
2020-03-21,202012,KY,21,-10008.0,7415.0,565.0,-506.0,-10855.0,1551.0,7.785207684971295,0.01947930030979128,0.01634853057279254,,40.0,575.0,615.0,0.0,0.0,0.0,0.0,3.0,3.0
2020-03-28,202013,KY,21,-17630.0,-3881.0,1551.0,-2953.0,-21420.0,2157.0,3.278937412072975,0.016882060268485776,0.011592352928155598,,248.0,4107.0,4355.0,0.0,0.0,0.0,0.0,6.0,9.0
2020-04-04,202014,KY,21,-16247.0,-1733.0,1331.0,-3675.0,-25186.0,2278.0,1.5087671313904123,0.016772538098069282,0.008734661954268091,,529.0,9920.0,10449.0,0.0,0.0,0.0,0.0,31.0,40.0
2020-04-11,202015,KY,21,-9142.0,-535.0,1366.0,-4441.0,-27922.0,2318.0,1.1543825814820736,0.01520793566354789,0.0072648658220749816,,862.0,7854.0,8716.0,0.0,210.0,928.0,459.0,50.0,90.0
2020-04-18,202016,KY,21,-7954.0,-1867.0,-94.0,-4490.0,-26094.0,2416.0,0.3287235465888711,0.013643333229026505,0.006864213563148847,,829.0,5479.0,6308.0,0.0,1326.0,5150.0,549.0,54.0,144.0
2020-04-25,202017,KY,21,-6669.0,-1154.0,1008.0,-3629.0,-24980.0,2304.0,0.19513838424849367,0.010013455580936885,0.005366379151325547,,1257.0,13109.0,14366.0,0.0,1110.0,8775.0,135.0,61.0,205.0
2020-05-02,202018,KY,21,-4884.0,148.0,1156.0,-2679.0,-23560.0,2005.0,0.2579510888746863,0.0028006383577932844,0.0009599421526020262,,1100.0,11587.0,12687.0,0.0,1197.0,11245.0,268.0,43.0,248.0
2020-05-09,202019,KY,21,,,,,,,,,,,1409.0,27389.0,28798.0,0.0,1310.0,14162.0,285.0,56.0,304.0
2020-03-07,202010,LA,22,5477.0,3648.0,1374.0,1303.0,1003.0,-214.0,7.267451055712103,0.020762274306098817,0.02144116757299176,,0.0,0.0,0.0,0.0,0.0,0.0,0.0,0.0,0.0
2020-03-14,202011,LA,22,4455.0,7242.0,1902.0,1086.0,472.0,-103.0,6.244412141843246,0.02077792033044403,0.021247113163972292,,51.0,109.0,160.0,0.0,0.0,0.0,0.0,1.0,1.0
2020-03-21,202012,LA,22,-5191.0,6460.0,-558.0,-2317.0,-6259.0,1501.0,5.479056732651569,0.02062146008699189,0.018621106921765825,,529.0,2071.0,2600.0,0.0,0.0,0.0,0.0,19.0,20.0
2020-03-28,202013,LA,22,-12865.0,-2410.0,-1808.0,-5691.0,-13180.0,2538.0,4.098347374864437,0.023688080858653808,0.015312589925403419,,2735.0,19666.0,22401.0,1008.0,0.0,0.0,927.0,117.0,137.0
2020-04-04,202014,LA,22,-12676.0,-2060.0,-1968.0,-6900.0,-14779.0,2620.0,1.7068471051055658,0.02889820696561004,0.013768270997351121,,9181.0,24156.0,33337.0,3306.0,0.0,0.0,1262.5,272.0,409.0
2020-04-11,202015,LA,22,-8516.0,-908.0,-1731.0,-7622.0,-16171.0,2600.0,0.6176573329017867,0.029351941671621237,0.011916268842830686,,7518.0,30899.0,38417.0,3544.0,0.0,0.0,1435.75,397.0,806.0
2020-04-18,202016,LA,22,-6947.0,-2270.0,-2410.0,-6810.0,-14552.0,2510.0,0.33017257671829003,0.025988046437400245,0.010412531635295768,,3566.0,37518.0,41084.0,2886.0,0.0,0.0,1043.125,461.0,1267.0
2020-04-25,202017,LA,22,-5692.0,-1062.0,-1410.0,-6064.0,-13467.0,2418.0,0.06592002884131277,0.016600431830271926,0.007969512060149488,,2932.0,1070.0,3654.0,2093.0,0.0,59708.0,1178.4375,440.0,1707.0
2020-05-02,202018,LA,22,-4306.0,243.0,-574.0,-5041.0,-12579.0,2042.0,0.0005188496230072022,0.004005382232374753,0.001520707745205823,,2628.0,31228.0,33856.0,1684.0,0.0,118745.0,955.78125,286.0,1993.0
2020-05-09,202019,LA,22,,,,,,,,,,,2277.0,37022.0,39299.0,1353.0,0.0,139199.0,0.0,274.0,2267.0
2020-03-07,202010,ME,23,1450.0,684.0,700.0,475.0,342.0,-38.0,6.7972700858694886,0.003770691867196545,0.0038331279652325336,,0.0,0.0,0.0,0.0,0.0,0.0,0.0,0.0,0.0
2020-03-14,202011,ME,23,916.0,1650.0,817.0,275.0,233.0,78.0,7.770677564005655,0.00398973620802954,0.003746061728486155,,3.0,90.0,93.0,0.0,0.0,0.0,0.0,0.0,0.0
2020-03-21,202012,ME,23,-2603.0,1133.0,455.0,-644.0,-2365.0,728.0,6.273598822877327,0.0036142316237444063,0.003080521512001121,,70.0,2173.0,2243.0,0.0,0.0,0.0,0.0,0.0,0.0
2020-03-28,202013,ME,23,-4669.0,-1289.0,719.0,-1389.0,-4055.0,949.0,2.6670626807746967,0.0038019839158869727,0.0021316471013583813,,138.0,1130.0,1268.0,0.0,0.0,83.0,0.0,1.0,1.0
2020-04-04,202014,ME,23,-5423.0,-2057.0,-966.0,-1795.0,-4609.0,1077.0,1.6645951222371578,0.003661169696780048,0.0020726191442421928,,245.0,2694.0,2939.0,0.0,0.0,577.0,83.0,9.0,10.0
2020-04-11,202015,ME,23,-3912.0,-1242.0,-200.0,-1806.0,-4980.0,991.0,0.745700242725735,0.0033326031855305557,0.0017745279608054364,,160.0,0.0,160.0,0.0,0.0,1381.0,31.0,9.0,19.0
2020-04-18,202016,ME,23,-3419.0,-1404.0,67.0,-1728.0,-4695.0,985.0,0.0,0.002753700284757643,0.001629909465870773,,231.0,7988.0,8219.0,45.0,111.0,2203.0,22.0,13.0,32.0
2020-04-25,202017,ME,23,-2656.0,-846.0,1168.0,-1640.0,-4416.0,933.0,0.0005716981110053326,0.0016428325562474575,0.0011525208626935936,,143.0,2708.0,2851.0,61.0,120.0,3208.0,20.0,15.0,47.0
2020-05-02,202018,ME,23,-2533.0,-652.0,655.0,-1524.0,-4131.0,858.0,0.0,0.0003755045842851331,0.0002154520434740904,,162.0,2762.0,2924.0,55.0,123.0,4258.0,25.0,9.0,56.0
2020-05-09,202019,ME,23,,,,,,,,,,,256.0,2546.0,2802.0,78.0,133.0,5413.0,17.0,8.0,64.0
2020-03-07,202010,MD,24,1347.0,679.0,2881.0,343.0,543.0,-89.0,5.223118761423874,0.014503864568013268,0.022235831445668455,0.1,3.0,24.0,27.0,0.0,0.0,0.0,0.0,0.0,0.0
2020-03-14,202011,MD,24,1140.0,1970.0,5028.0,50.0,135.0,67.0,5.153722882926821,0.014519510592358481,0.020809568431848537,0.3,23.0,53.0,76.0,0.0,0.0,0.0,0.0,0.0,0.0
2020-03-21,202012,MD,24,-3339.0,1204.0,3744.0,-2538.0,-4403.0,1635.0,4.846121335833796,0.013987545764621207,0.016755085627430298,2.0,164.0,0.0,164.0,0.0,0.0,0.0,0.0,2.0,2.0
2020-03-28,202013,MD,24,-6824.0,-2935.0,495.0,-4545.0,-6978.0,2507.0,2.361814269123203,0.01367462527771693,0.013539537663525888,7.8,802.0,11422.0,12224.0,0.0,0.0,25.0,226.0,3.0,5.0
2020-04-04,202014,MD,24,-7070.0,-3267.0,276.0,-4880.0,-7778.0,2694.0,1.0230190748338683,0.013909315642895137,0.01173033077791469,11.6,2133.0,10969.0,13102.0,0.0,0.0,399.0,595.0,49.0,54.0
2020-04-11,202015,MD,24,-6141.0,-2967.0,1444.0,-5023.0,-8223.0,2705.0,0.5526541031635838,0.01298620020652752,0.010535752495775812,14.8,4569.0,17059.0,21628.0,0.0,0.0,2200.0,888.0,152.0,206.0
2020-04-18,202016,MD,24,-6116.0,-3251.0,-271.0,-5048.0,-8029.0,2741.0,0.021769672318119472,0.013299120693431796,0.009720428838108449,18.0,4614.0,13518.0,18132.0,0.0,0.0,4516.0,1048.0,215.0,421.0
2020-04-25,202017,MD,24,-5509.0,-2635.0,1231.0,-4626.0,-7674.0,2641.0,0.005614684328072109,0.008542729292486778,0.008484530985988238,16.1,5458.0,18295.0,23753.0,0.0,2653.0,7055.0,1003.0,454.0,875.0
2020-05-02,202018,MD,24,-5086.0,-2173.0,814.0,-4350.0,-7544.0,2453.0,0.07615743153991067,0.0019401070188065207,0.001795925595260055,,6707.0,29692.0,36399.0,0.0,3926.0,9635.0,1150.0,376.0,1251.0
2020-05-09,202019,MD,24,,,,,,,,,,,7061.0,23445.0,30506.0,0.0,4015.0,13303.0,1022.0,363.0,1614.0
2020-03-07,202010,MA,25,734.0,487.0,1493.0,279.0,321.0,-40.0,5.627355464685197,0.013690271302062143,0.013450257878387651,,0.0,0.0,0.0,0.0,0.0,0.0,0.0,0.0,0.0
2020-03-14,202011,MA,25,418.0,1645.0,3189.0,-440.0,-86.0,152.0,6.53007844385579,0.013612041180336074,0.012666661747670241,,30.0,0.0,30.0,0.0,0.0,0.0,0.0,0.0,0.0
2020-03-21,202012,MA,25,-2986.0,469.0,2251.0,-3101.0,-3092.0,1239.0,5.35574160894644,0.013424288888193508,0.010107061957219488,,388.0,4799.0,5187.0,0.0,0.0,0.0,61.0,1.0,1.0
2020-03-28,202013,MA,25,-4815.0,-2021.0,2373.0,-4958.0,-4936.0,1775.0,2.615456936410532,0.014519510592358481,0.009841436150196637,,3732.0,26116.0,29848.0,0.0,0.0,0.0,289.0,43.0,44.0
2020-04-04,202014,MA,25,-4996.0,-2356.0,-824.0,-5445.0,-5369.0,1923.0,1.562087412448411,0.01875958318991144,0.010443521312781768,,7479.0,26276.0,33755.0,0.0,0.0,0.0,1020.0,172.0,216.0
2020-04-11,202015,MA,25,-4353.0,-1752.0,1881.0,-5294.0,-5451.0,1909.0,0.9244041199714659,0.023766310980379884,0.010862619808306708,,11129.0,28924.0,40053.0,0.0,0.0,0.0,1137.0,470.0,686.0
2020-04-18,202016,MA,25,-4623.0,-2532.0,460.0,-5301.0,-5440.0,1936.0,0.0814811382018053,0.024470382075914503,0.010477462388123577,,14761.0,38489.0,53250.0,0.0,3920.0,0.0,1249.0,718.0,1404.0
2020-04-25,202017,MA,25,-4023.0,-2034.0,2219.0,-4957.0,-5164.0,1856.0,0.1290601713351138,0.017883405826579463,0.008301544318928052,,15821.0,48893.0,64714.0,0.0,7190.0,0.0,1237.0,1326.0,2730.0
2020-05-02,202018,MA,25,-3887.0,-1805.0,1321.0,-4796.0,-4932.0,1716.0,0.05366225989450876,0.005429170447789217,0.0016653262401404867,,12915.0,59234.0,72149.0,0.0,7051.0,0.0,1413.0,1116.0,3846.0
2020-05-09,202019,MA,25,,,,,,,,,,,10480.0,67063.0,77543.0,0.0,6140.0,0.0,1173.0,994.0,4840.0
2020-03-07,202010,MI,26,6418.0,3076.0,4450.0,1148.0,1551.0,-256.0,4.938318030173148,0.04737616171730763,0.03271329383379203,0.2,119.0,18.0,137.0,0.0,0.0,0.0,0.0,0.0,0.0
2020-03-14,202011,MI,26,3695.0,7975.0,5749.0,545.0,700.0,149.0,5.780585981079392,0.04481021372469255,0.0330143364150846,0.2,1068.0,187.0,1255.0,0.0,0.0,0.0,0.0,0.0,0.0
2020-03-21,202012,MI,26,-14243.0,6439.0,4270.0,-2480.0,-11465.0,2893.0,6.1312589230968,0.0444190631160622,0.02684296349858702,4.6,3347.0,3491.0,6838.0,0.0,0.0,0.0,0.0,3.0,3.0
2020-03-28,202013,MI,26,-25942.0,-7240.0,2518.0,-5728.0,-23698.0,4926.0,3.892601825886967,0.0533216509684889,0.021305403271624525,15.4,4744.0,10487.0,15231.0,0.0,0.0,0.0,0.0,108.0,111.0
2020-04-04,202014,MI,26,-26140.0,-8351.0,3150.0,-6434.0,-26877.0,5187.0,1.2031504004708542,0.0653690897143036,0.02051442864626759,22.5,7108.0,23222.0,30330.0,0.0,0.0,112.0,0.0,429.0,540.0
2020-04-11,202015,MI,26,-17525.0,-5150.0,4734.0,-6586.0,-27718.0,5296.0,0.2851092140460968,0.06422692993710298,0.01831121014690584,15.7,7598.0,14616.0,22214.0,4269.0,4873.0,931.0,3636.0,844.0,1384.0
2020-04-18,202016,MI,26,-17065.0,-7095.0,107.0,-6898.0,-26933.0,5449.0,0.16918582217433634,0.05329035891979848,0.015789978528580603,12.5,6798.0,16915.0,23713.0,8834.0,10415.0,6267.0,1816.0,924.0,2308.0
2020-04-25,202017,MI,26,-14086.0,-5034.0,3576.0,-6348.0,-25460.0,5123.0,0.006071044670895661,0.033013111368401286,0.0119361907783574,6.4,6412.0,37905.0,44317.0,7315.0,8874.0,27764.0,1981.0,847.0,3155.0
2020-05-02,202018,MI,26,-9915.0,-2684.0,8357.0,-5099.0,-23913.0,4290.0,0.007461689082873766,0.006821666614513253,0.0020209696817655265,,6004.0,51661.0,57665.0,5515.0,6964.0,65711.0,1109.5,866.0,4021.0
2020-05-09,202019,MI,26,,,,,,,,,,,3549.0,68228.0,71777.0,4391.0,5483.0,116640.0,0.0,509.0,4530.0
2020-03-07,202010,MN,27,4707.0,2113.0,548.0,-44.0,904.0,-91.0,7.349946878478622,0.008198516756892073,0.010009665827977776,0.0,1.0,12.0,13.0,0.0,0.0,0.0,0.0,0.0,0.0
2020-03-14,202011,MN,27,3766.0,4426.0,402.0,-390.0,-444.0,272.0,5.589221325585735,0.008323684951653783,0.009337484966317172,0.1,20.0,799.0,819.0,0.0,0.0,0.0,0.0,0.0,0.0
2020-03-21,202012,MN,27,-12419.0,4390.0,-161.0,-2056.0,-8784.0,2440.0,5.457525727115617,0.007447507588321806,0.007581403242110546,0.8,117.0,3105.0,3222.0,0.0,0.0,0.0,0.0,1.0,1.0
2020-03-28,202013,MN,27,-20468.0,-5306.0,941.0,-3501.0,-16467.0,3396.0,3.276771102835516,0.005976781299871704,0.005310302592065167,2.3,303.0,11736.0,12039.0,0.0,0.0,522.0,57.0,4.0,5.0
2020-04-04,202014,MN,27,-22429.0,-8150.0,1632.0,-3887.0,-20598.0,3667.0,0.7759645493092525,0.0058516131051099905,0.0044861247408303755,3.1,424.0,8870.0,9294.0,0.0,197.0,692.0,123.0,19.0,24.0
2020-04-11,202015,MN,27,-10553.0,-2404.0,3903.0,-3599.0,-21061.0,3524.0,0.0916604231427478,0.00503801983915887,0.0038648554921824852,4.1,562.0,9419.0,9981.0,0.0,429.0,4302.0,160.0,40.0,64.0
2020-04-18,202016,MN,27,-9869.0,-3800.0,118.0,-3662.0,-20186.0,3639.0,6.368448367212867e-05,0.004912851644397158,0.0032450619424624987,5.6,786.0,8078.0,8864.0,0.0,636.0,6737.0,221.0,57.0,121.0
2020-04-25,202017,MN,27,-7186.0,-1510.0,5660.0,-2895.0,-18910.0,3311.0,0.0,0.00391150608630347,0.0024710578547764693,1.4,1233.0,11096.0,12329.0,0.0,790.0,9717.0,236.0,123.0,244.0
2020-05-02,202018,MN,27,-5742.0,-178.0,6260.0,-2485.0,-18277.0,2838.0,0.0,0.0006101949494633412,0.0004065550546377528,,2782.0,19628.0,22410.0,0.0,859.0,14422.0,362.0,150.0,394.0
2020-05-09,202019,MN,27,,,,,,,,,,,4562.0,22694.0,27256.0,0.0,1243.0,34173.0,453.0,164.0,558.0
2020-03-07,202010,MS,28,7225.0,4297.0,801.0,1177.0,946.0,-160.0,8.311080726398924,0.004193134524517321,0.009901939806240729,,0.0,0.0,0.0,0.0,0.0,0.0,0.0,0.0,0.0
2020-03-14,202011,MS,28,5005.0,6057.0,1306.0,1237.0,-3963.0,34.0,6.807812447573192,0.004865913571361518,0.00862177098628338,,6.0,84.0,90.0,0.0,0.0,0.0,0.0,0.0,0.0
2020-03-21,202012,MS,28,-2975.0,7358.0,700.0,-340.0,-7926.0,768.0,6.26511628029157,0.00467816127921895,0.00756074345711988,,134.0,611.0,745.0,0.0,0.0,0.0,0.0,1.0,1.0
2020-03-28,202013,MS,28,-10979.0,-2555.0,249.0,-2523.0,-13632.0,1279.0,3.9420684481377513,0.00434959476796946,0.0057803127006028215,,523.0,1865.0,2388.0,0.0,0.0,0.0,219.0,12.0,13.0
2020-04-04,202014,MS,28,-10096.0,841.0,-483.0,-3387.0,-15566.0,1381.0,1.88181561194744,0.0038019839158869727,0.004905223236355318,,792.0,2573.0,3365.0,0.0,0.0,0.0,257.0,22.0,35.0
2020-04-11,202015,MS,28,-7160.0,-1543.0,-1197.0,-4291.0,-18773.0,1472.0,0.8919397521178138,0.004130550427136464,0.0040316094710357185,,1187.0,13499.0,14686.0,0.0,0.0,0.0,190.0,58.0,93.0
2020-04-18,202016,MS,28,-4827.0,-1578.0,-1587.0,-3661.0,-17251.0,1451.0,0.3890474805414151,0.003676815721125261,0.0036508791476363,,1332.0,16159.0,17491.0,579.0,894.0,0.0,254.0,59.0,152.0
2020-04-25,202017,MS,28,-4047.0,-853.0,-1043.0,-3322.0,-15938.0,1369.0,0.07743638253718621,0.0025503019682698623,0.0028702344147746982,,1744.0,18448.0,20192.0,573.0,1048.0,0.0,214.0,69.0,221.0
2020-05-02,202018,MS,28,-2445.0,385.0,-30.0,-2349.0,-14602.0,1111.0,0.004198815504443926,0.0007666551929154801,0.0004796021515690369,,1723.0,13795.0,15518.0,502.0,1049.0,13652.0,269.0,70.0,291.0
2020-05-09,202019,MS,28,,,,,,,,,,,1937.0,5067.0,7004.0,512.0,989.0,29939.0,247.0,130.0,421.0
2020-03-07,202010,MO,29,10774.0,6830.0,4799.0,1772.0,4267.0,-547.0,9.483343969468683,0.01613105109991551,0.014301736159788681,,0.0,0.0,0.0,0.0,0.0,0.0,0.0,0.0,0.0
2020-03-14,202011,MO,29,7661.0,10180.0,3302.0,1879.0,2112.0,-95.0,6.9615861580936285,0.015661670369559094,0.012194438090740728,,4.0,90.0,94.0,0.0,0.0,0.0,0.0,0.0,0.0
2020-03-21,202012,MO,29,-4307.0,12195.0,586.0,-421.0,-7561.0,1781.0,5.86804578540797,0.013815439496823857,0.009057840019479223,,69.0,279.0,348.0,0.0,0.0,0.0,0.0,3.0,3.0
2020-03-28,202013,MO,29,-17833.0,-892.0,1076.0,-3489.0,-17937.0,3054.0,3.046085468549539,0.013048784303908377,0.0063676408739089035,,765.0,9713.0,10478.0,0.0,0.0,0.0,0.0,7.0,10.0
2020-04-04,202014,MO,29,-16275.0,1190.0,1985.0,-4285.0,-20375.0,3115.0,0.9864645562727756,0.0126263416465876,0.00525791528012455,,1453.0,12532.0,13985.0,0.0,0.0,0.0,413.0,23.0,33.0
2020-04-11,202015,MO,29,-10762.0,-668.0,1702.0,-4992.0,-23104.0,3204.0,0.3416728243389296,0.011468535845041771,0.004283953987707428,,1733.0,16534.0,18267.0,0.0,0.0,0.0,299.5,83.0,116.0
2020-04-18,202016,MO,29,-7945.0,-2108.0,-36.0,-4874.0,-21350.0,3261.0,0.05543079629299597,0.010701880652126293,0.003688509470297871,,1493.0,9094.0,10587.0,0.0,0.0,0.0,725.25,81.0,197.0
2020-04-25,202017,MO,29,-6231.0,-1027.0,1939.0,-3612.0,-20446.0,3031.0,0.13254212133439894,0.006790374565822824,0.0029300002213548397,,1309.0,12150.0,13459.0,142.0,0.0,0.0,487.375,84.0,281.0
2020-05-02,202018,MO,29,-3837.0,807.0,3632.0,-2174.0,-18774.0,2415.0,0.03242370496775572,0.0013455580936883938,0.0004316419364121333,,1328.0,14198.0,15526.0,867.0,0.0,0.0,652.3125,95.0,376.0
2020-05-09,202019,MO,29,,,,,,,,,,,1512.0,24642.0,26154.0,977.0,0.0,0.0,0.0,118.0,494.0
2020-03-07,202010,MT,30,1962.0,1131.0,527.0,440.0,281.0,-50.0,5.976988163104862,0.0015802484588666019,0.001860856348087864,,0.0,0.0,0.0,0.0,0.0,0.0,0.0,0.0,0.0
2020-03-14,202011,MT,30,368.0,1371.0,-135.0,189.0,-218.0,27.0,5.065585964474313,0.0014081421910692492,0.0017221406488648187,,5.0,92.0,97.0,0.0,0.0,0.0,0.0,0.0,0.0
2020-03-21,202012,MT,30,-4416.0,1295.0,419.0,-530.0,-4220.0,481.0,5.544239731390031,0.0015176643614857464,0.001540629680732537,,15.0,1043.0,1058.0,0.0,0.0,0.0,0.0,0.0,0.0
2020-03-28,202013,MT,30,-7175.0,-861.0,465.0,-1641.0,-6168.0,745.0,3.2795278804721497,0.0016584785805926713,0.0013052557017317328,,109.0,2110.0,2219.0,0.0,0.0,0.0,7.0,1.0,1.0
2020-04-04,202014,MT,30,-8332.0,-2259.0,-113.0,-2180.0,-7413.0,902.0,1.0698266633453792,0.0014863723127953186,0.000996096776335692,,136.0,2656.0,2792.0,0.0,0.0,0.0,17.0,5.0,6.0
2020-04-11,202015,MT,30,-2924.0,-891.0,858.0,-2148.0,-7688.0,816.0,0.4308001164119343,0.001736708702318741,0.0007341602166326028,,112.0,2292.0,2404.0,0.0,0.0,626.0,22.0,0.0,6.0
2020-04-18,202016,MT,30,-2349.0,-789.0,101.0,-2104.0,-7095.0,811.0,0.10327643831277322,0.0012203898989266828,0.0005725711840270347,,49.0,1939.0,1988.0,0.0,0.0,1431.0,9.0,4.0,10.0
2020-04-25,202017,MT,30,-1912.0,-158.0,1575.0,-1606.0,-6447.0,718.0,0.0388913500887972,0.0007197171198798384,0.0005002619365597033,,19.0,1909.0,1928.0,0.0,0.0,2025.0,6.0,4.0,14.0
2020-05-02,202018,MT,30,-1324.0,368.0,2243.0,-1288.0,-5726.0,506.0,0.0,7.823012172606941e-05,1.844623659880912e-05,,10.0,2128.0,2138.0,0.0,0.0,2622.0,0.0,2.0,16.0
2020-05-09,202019,MT,30,,,,,,,,,,,4.0,6691.0,6694.0,0.0,0.0,2894.0,1.0,0.0,16.0
2020-03-07,202010,NE,31,2392.0,1280.0,1609.0,689.0,336.0,-112.0,8.423074903824547,0.002597240041305504,0.00450604667635709,,1.0,0.0,1.0,0.0,0.0,0.0,0.0,0.0,0.0
2020-03-14,202011,NE,31,867.0,2105.0,883.0,751.0,-1054.0,128.0,6.262626777996559,0.002472071846543793,0.0043024002243062355,,13.0,63.0,76.0,0.0,0.0,0.0,0.0,0.0,0.0
2020-03-21,202012,NE,31,-4837.0,2191.0,208.0,52.0,-4379.0,712.0,5.746565796369572,0.0026285320899959315,0.003452397641833113,,24.0,276.0,300.0,0.0,0.0,0.0,0.0,0.0,0.0
2020-03-28,202013,NE,31,-7439.0,-774.0,714.0,-378.0,-7156.0,925.0,2.8954439971390538,0.0021278593109490874,0.002562551188306562,,58.0,1548.0,1606.0,0.0,0.0,0.0,0.0,2.0,2.0
2020-04-04,202014,NE,31,-7452.0,-429.0,1380.0,-653.0,-8369.0,1002.0,0.7475878522727277,0.0019244609944613074,0.002285857639324425,,225.0,3154.0,3379.0,0.0,0.0,0.0,0.0,4.0,6.0
2020-04-11,202015,NE,31,-3569.0,-317.0,1631.0,-1018.0,-9924.0,1028.0,0.03728736398867805,0.0014550802641048908,0.0019080787137808147,,379.0,4227.0,4606.0,0.0,0.0,0.0,0.0,11.0,17.0
2020-04-18,202016,NE,31,-3272.0,-1042.0,199.0,-1311.0,-9619.0,1149.0,0.008441584602384212,0.0012360359232718966,0.0017339462402880565,,438.0,3254.0,3692.0,0.0,0.0,0.0,0.0,7.0,24.0
2020-04-25,202017,NE,31,-2172.0,-499.0,1562.0,-395.0,-9223.0,975.0,0.002498769488162226,0.0008292392902963355,0.0015457946269802035,,1283.0,5013.0,6296.0,0.0,0.0,0.0,0.0,26.0,50.0
2020-05-02,202018,NE,31,-1802.0,-184.0,1941.0,232.0,-9311.0,832.0,0.0,0.00018775229214256653,0.00026193655970308937,,2417.0,6958.0,9375.0,0.0,0.0,0.0,0.0,23.0,73.0
2020-05-09,202019,NE,31,,,,,,,,,,,2993.0,10635.0,13628.0,0.0,0.0,0.0,0.0,17.0,90.0
2020-03-07,202010,NV,32,568.0,1133.0,-50.0,379.0,164.0,-36.0,7.340762770245948,0.012548111524861532,0.008463871200997572,,0.0,0.0,0.0,0.0,0.0,0.0,0.0,0.0,0.0
2020-03-14,202011,NV,32,416.0,1649.0,-142.0,406.0,-22.0,32.0,7.880125765805143,0.011640642112839128,0.008419600233160431,,19.0,154.0,173.0,0.0,0.0,0.0,0.0,0.0,0.0
2020-03-21,202012,NV,32,-1642.0,1748.0,-1057.0,-459.0,-1931.0,511.0,7.2991869457724725,0.01157805801545827,0.007512783241962975,,104.0,2216.0,2320.0,0.0,0.0,0.0,0.0,2.0,2.0
2020-03-28,202013,NV,32,-2958.0,-364.0,-1223.0,-1430.0,-3249.0,746.0,2.7049981667284126,0.011922270551052976,0.006240730766109099,,497.0,5517.0,6014.0,0.0,0.0,0.0,0.0,8.0,10.0
2020-04-04,202014,NV,32,-2974.0,-387.0,-1011.0,-1895.0,-3511.0,754.0,0.8660406833554888,0.011609350064148698,0.004943591408480842,,1121.0,6520.0,7641.0,0.0,0.0,0.0,0.0,36.0,46.0
2020-04-11,202015,NV,32,-2336.0,-504.0,-1297.0,-2001.0,-3766.0,819.0,0.7550015501143508,0.010248145946115093,0.003948970331073055,,958.0,6466.0,7424.0,0.0,0.0,0.0,282.0,56.0,102.0
2020-04-18,202016,NV,32,-2143.0,-671.0,-832.0,-1486.0,-3564.0,762.0,0.5981919679479843,0.008730481584629345,0.0034376406525540664,,926.0,6238.0,7164.0,0.0,0.0,0.0,0.0,49.0,151.0
2020-04-25,202017,NV,32,-1783.0,-487.0,-609.0,-1171.0,-3464.0,728.0,0.3020894014202837,0.005491754545170072,0.0024282625858672315,,913.0,5544.0,6457.0,0.0,0.0,0.0,0.0,54.0,205.0
2020-05-02,202018,NV,32,-1424.0,-211.0,-481.0,-746.0,-3344.0,612.0,0.03248485473259232,0.0013924961667240356,0.00038073032339942006,,772.0,6407.0,7179.0,0.0,0.0,622.0,0.0,50.0,255.0
2020-05-09,202019,NV,32,,,,,,,,,,,717.0,11007.0,11724.0,0.0,0.0,1385.0,0.0,58.0,313.0
2020-03-07,202010,NH,33,628.0,314.0,470.0,263.0,237.0,-18.0,6.8249321615772915,0.002487717870889007,0.0025212316183252296,,0.0,10.0,10.0,0.0,0.0,0.0,0.0,0.0,0.0
2020-03-14,202011,NH,33,438.0,1091.0,1197.0,0.0,44.0,72.0,7.7724820575987135,0.0025346559439246483,0.0022216647359605693,,5.0,192.0,197.0,0.0,0.0,0.0,0.0,0.0,0.0
2020-03-21,202012,NH,33,-1583.0,1095.0,722.0,-837.0,-1634.0,750.0,6.2986435452743645,0.0020496291892230178,0.002462203661209041,,48.0,761.0,809.0,0.0,0.0,0.0,0.0,0.0,0.0
2020-03-28,202013,NH,33,-2942.0,-741.0,755.0,-1590.0,-2836.0,1038.0,2.790186302577791,0.002174797383984729,0.0018424101114890546,,132.0,2683.0,2815.0,0.0,0.0,0.0,30.0,2.0,2.0
2020-04-04,202014,NH,33,-3329.0,-1337.0,-1131.0,-1960.0,-3249.0,1168.0,1.61287417003289,0.002597240041305504,0.0019228357030598613,,353.0,3309.0,3662.0,0.0,0.0,392.0,50.0,5.0,7.0
2020-04-11,202015,NH,33,-2953.0,-896.0,329.0,-1930.0,-3376.0,1161.0,0.8704274862941138,0.0023938417248177235,0.001706645810121819,,345.0,2643.0,2988.0,0.0,0.0,1350.0,54.0,15.0,22.0
2020-04-18,202016,NH,33,-2883.0,-1567.0,30.0,-1720.0,-3340.0,1151.0,0.006662837944667759,0.001846230872735238,0.0014550391429140627,,402.0,1957.0,2359.0,0.0,0.0,2377.0,56.0,16.0,38.0
2020-04-25,202017,NH,33,-2316.0,-1023.0,1501.0,-1552.0,-3122.0,1083.0,0.01699098464123391,0.0007823012172606937,0.0013524780674246842,,433.0,4442.0,4875.0,0.0,0.0,3780.0,34.0,15.0,53.0
2020-05-02,202018,NH,33,-2131.0,-834.0,566.0,-1519.0,-3074.0,1037.0,0.007452989560964731,0.00012516819476171104,0.0001911030111636624,,590.0,6032.0,6622.0,0.0,0.0,6230.0,46.0,31.0,84.0
2020-05-09,202019,NH,33,,,,,,,,,,,637.0,8994.0,9472.0,0.0,0.0,7733.0,39.0,47.0,131.0
2020-03-07,202010,NJ,34,1044.0,908.0,3986.0,670.0,451.0,-69.0,5.008860722648845,0.03567293550708765,0.02647256306768293,,3.0,0.0,3.0,0.0,0.0,0.0,0.0,0.0,0.0
2020-03-14,202011,NJ,34,882.0,2320.0,8409.0,-358.0,-231.0,234.0,5.685966893556956,0.034077041023875834,0.026856982638402117,,46.0,97.0,143.0,0.0,0.0,0.0,0.0,1.0,1.0
2020-03-21,202012,NJ,34,-3876.0,801.0,5203.0,-4390.0,-4605.0,2150.0,5.769916614012352,0.03866132615702349,0.024258276826361887,,1277.0,197.0,1474.0,0.0,0.0,0.0,0.0,15.0,16.0
2020-03-28,202013,NJ,34,-7791.0,-3990.0,-21.0,-7720.0,-7630.0,3318.0,4.26426961935612,0.04953531307694714,0.024801334031830827,,9797.0,19092.0,28889.0,0.0,0.0,0.0,2000.0,124.0,140.0
2020-04-04,202014,NJ,34,-7986.0,-2452.0,-363.0,-7930.0,-8093.0,3443.0,3.0281151847531342,0.06846700253465593,0.02787521489865637,,23000.0,21846.0,44846.0,0.0,0.0,0.0,3000.0,706.0,846.0
2020-04-11,202015,NJ,34,-8904.0,-476.0,766.0,-7963.0,-8532.0,3557.0,1.5678501751802931,0.07513220890571705,0.028242663931704656,,24027.0,20810.0,44837.0,9243.0,8216.0,682.0,6118.0,1337.0,2183.0
2020-04-18,202016,NJ,34,-9221.0,-4070.0,-3109.0,-8176.0,-8456.0,3537.0,0.8696598192843482,0.0635854429389492,0.024877332526617918,,23269.0,19074.0,42343.0,11466.0,13830.0,0.0,4659.0,1887.0,4070.0
2020-04-25,202017,NJ,34,-8523.0,-3261.0,-1303.0,-7436.0,-7867.0,3396.0,0.4232045622703013,0.042885752730231236,0.019376664772853044,,24103.0,27047.0,51150.0,10684.0,13765.0,0.0,4392.5,1844.0,5914.0
2020-05-02,202018,NJ,34,-7980.0,-2792.0,-491.0,-7012.0,-7670.0,3119.0,0.2280413101875405,0.012485527427480677,0.0041563060304436695,,18194.0,30432.0,48626.0,9097.0,12429.0,78210.0,3516.75,1828.0,7742.0
2020-05-09,202019,NJ,34,,,,,,,,,,,13368.0,29526.0,42894.0,7952.0,10641.0,109494.0,0.0,1374.0,9116.0
2020-03-07,202010,NM,35,2691.0,2343.0,1482.0,1385.0,650.0,-168.0,4.436222191998835,0.003363895234220984,0.0031506172110765964,0.0,0.0,32.0,32.0,0.0,0.0,0.0,0.0,0.0,0.0
2020-03-14,202011,NM,35,2088.0,4022.0,1290.0,1371.0,-243.0,-1.0,4.935608103099192,0.0033482492098757697,0.002928524522426935,0.2,10.0,189.0,199.0,0.0,0.0,0.0,0.0,0.0,0.0
2020-03-21,202012,NM,35,-2657.0,3284.0,275.0,352.0,-4117.0,824.0,4.1267007320129245,0.0029727446255906373,0.0024216219406916605,0.4,47.0,3534.0,3581.0,0.0,0.0,0.0,0.0,0.0,0.0
2020-03-28,202013,NM,35,-7160.0,-1135.0,-1390.0,-2675.0,-6724.0,1266.0,3.1731010136240925,0.002753700284757643,0.0018106825845391023,1.3,134.0,5425.0,5559.0,0.0,0.0,0.0,0.0,1.0,1.0
2020-04-04,202014,NM,35,-7001.0,-1354.0,-1234.0,-3518.0,-7155.0,1273.0,1.064922205354546,0.002503363895234221,0.0015362025839488224,2.3,304.0,5941.0,6245.0,18.0,0.0,158.0,0.0,10.0,11.0
2020-04-11,202015,NM,35,-4737.0,-650.0,-975.0,-4163.0,-7648.0,1341.0,0.4494079329962435,0.002409487749162937,0.0012904987124526856,2.9,596.0,10870.0,11466.0,126.0,0.0,1141.0,0.0,8.0,19.0
2020-04-18,202016,NM,35,-4409.0,-1167.0,-2286.0,-4240.0,-7411.0,1316.0,0.032099380860155936,0.002018337140532589,0.0011517830132296409,3.8,620.0,7895.0,8515.0,18.0,0.0,2262.0,242.0,34.0,53.0
2020-04-25,202017,NM,35,-3389.0,-498.0,-1016.0,-3603.0,-7009.0,1239.0,0.09716555865472122,0.0017836467753543823,0.0009680584967055023,2.9,810.0,15087.0,15897.0,0.0,0.0,3716.0,170.0,40.0,93.0
2020-05-02,202018,NM,35,-2876.0,-16.0,-478.0,-3103.0,-6835.0,1083.0,0.000782290373691628,0.0006101949494633412,0.00019405440901947187,,992.0,18616.0,19608.0,0.0,0.0,4914.0,175.0,45.0,138.0
2020-05-09,202019,NM,35,,,,,,,,,,,1160.0,20984.0,22144.0,0.0,0.0,6837.0,202.0,53.0,191.0
2020-03-07,202010,NY,36,4770.0,3165.0,3401.0,1179.0,1719.0,-202.0,6.7159586797430535,0.05759301561473229,0.060433560345018414,0.1,70.0,44.0,114.0,0.0,0.0,0.0,0.0,0.0,0.0
2020-03-14,202011,NY,36,3436.0,7360.0,6908.0,-158.0,264.0,312.0,7.9498967928933535,0.05629439559407954,0.05989271668794133,0.6,448.0,2687.0,3135.0,0.0,0.0,0.0,0.0,6.0,6.0
2020-03-21,202012,NY,36,-9354.0,7165.0,4819.0,-6118.0,-10169.0,3998.0,7.642147011807777,0.06388271740150826,0.057275564639302286,2.2,9832.0,32302.0,42134.0,0.0,0.0,0.0,1603.0,189.0,195.0
2020-03-28,202013,NY,36,-19843.0,-7179.0,1145.0,-11870.0,-18630.0,6463.0,5.13267670160692,0.09781894420627718,0.06171741841229553,6.3,41962.0,68535.0,110497.0,0.0,4628.0,4771.0,8451.0,1393.0,1588.0
2020-04-04,202014,NY,36,-18919.0,-6262.0,217.0,-12838.0,-19873.0,6647.0,3.595016092431808,0.14003191788966424,0.07059669886149827,8.8,61386.0,66301.0,127687.0,0.0,21374.0,45691.0,16329.0,4403.0,5991.0
2020-04-11,202015,NY,36,-17763.0,-1031.0,2594.0,-12430.0,-20686.0,6683.0,1.85764351291924,0.15322151641267953,0.06451755712799474,6.5,66754.0,90605.0,157359.0,0.0,32908.0,117067.0,14296.0,6507.0,12498.0
2020-04-18,202016,NY,36,-18634.0,-7127.0,-178.0,-13108.0,-20194.0,6754.0,0.8808313309690599,0.1246675219826642,0.054355894310442784,4.7,56274.0,99278.0,155552.0,0.0,35970.0,201017.0,11746.0,6262.0,18760.0
2020-04-25,202017,NY,36,-16715.0,-4872.0,2307.0,-12066.0,-18947.0,6462.0,0.59177153119997,0.08006070657445942,0.04239904374709472,4.8,45411.0,135625.0,181036.0,0.0,35112.0,297806.0,9034.0,3249.0,22009.0
2020-05-02,202018,NY,36,-14954.0,-3197.0,1588.0,-11338.0,-18386.0,5864.0,0.4010236077634137,0.02822542791876584,0.010097469914188108,,30834.0,150669.0,181503.0,0.0,5016.0,373847.0,6431.0,2189.0,24198.0
2020-05-09,202019,NY,36,,,,,,,,,,,20145.0,174552.0,194697.0,6923.0,8451.0,400552.0,4365.0,2414.0,26612.0
2020-03-07,202010,NC,37,8448.0,3640.0,3886.0,1111.0,1347.0,-333.0,7.238670663469671,0.01472290890884626,0.023054106501191628,,1.0,0.0,1.0,0.0,0.0,0.0,0.0,0.0,0.0
2020-03-14,202011,NC,37,6902.0,8411.0,8235.0,978.0,217.0,-199.0,7.626183377606895,0.01455080264104891,0.022568601553910973,,21.0,137.0,158.0,0.0,0.0,0.0,0.0,0.0,0.0
2020-03-21,202012,NC,37,-8885.0,10397.0,4458.0,-1846.0,-10336.0,3173.0,7.495594617334317,0.013283474669086585,0.018967158320359483,,161.0,4955.0,5116.0,0.0,0.0,0.0,0.0,0.0,0.0
2020-03-28,202013,NC,37,-19207.0,-1136.0,618.0,-5502.0,-18696.0,5169.0,3.873773505168844,0.012031792721469472,0.014009547772063544,,751.0,11500.0,12251.0,0.0,0.0,0.0,87.0,5.0,5.0
2020-04-04,202014,NC,37,-21694.0,-4635.0,554.0,-6958.0,-23047.0,5832.0,1.4179823602869248,0.012094376818850328,0.010979937873075135,,1467.0,19779.0,21246.0,0.0,0.0,0.0,227.5,29.0,34.0
2020-04-11,202015,NC,37,-16428.0,-2644.0,1715.0,-7329.0,-26111.0,5929.0,0.6785514232048311,0.010435898238257656,0.009079237653933843,,1910.0,19710.0,21620.0,0.0,0.0,0.0,248.25,55.0,89.0
2020-04-18,202016,NC,37,-14358.0,-4163.0,-629.0,-7406.0,-24920.0,5769.0,0.1483891494786253,0.008777419657664988,0.007155664101410031,,1828.0,13990.0,15818.0,0.0,0.0,0.0,263.875,98.0,187.0
2020-04-25,202017,NC,37,-12539.0,-3122.0,-829.0,-6968.0,-22917.0,5778.0,0.1547489280662107,0.00564821478862221,0.005587733990511257,,2483.0,26571.0,29054.0,0.0,0.0,0.0,324.0625,118.0,305.0
2020-05-02,202018,NC,37,-8672.0,337.0,2824.0,-5308.0,-21811.0,4821.0,0.1886055727957656,0.0013455580936883938,0.0009614178515299312,,2886.0,31324.0,34210.0,0.0,0.0,0.0,339.96875,126.0,431.0
2020-05-09,202019,NC,37,,,,,,,,,,,2851.0,44036.0,46887.0,0.0,0.0,0.0,0.0,120.0,551.0
2020-03-07,202010,ND,38,1070.0,482.0,203.0,234.0,331.0,-34.0,7.270506889343897,0.0024407797978533647,0.0016859860251311528,,0.0,0.0,0.0,0.0,0.0,0.0,0.0,0.0,0.0
2020-03-14,202011,ND,38,575.0,1016.0,50.0,166.0,177.0,17.0,5.792586623675609,0.002080921237913447,0.0016608991433567724,,1.0,54.0,55.0,0.0,0.0,0.0,0.0,0.0,0.0
2020-03-21,202012,ND,38,-2506.0,1284.0,-514.0,-732.0,-2085.0,460.0,6.616287202625191,0.0021591513596395154,0.0014602040891617293,,27.0,1087.0,1114.0,0.0,0.0,0.0,3.0,0.0,0.0
2020-03-28,202013,ND,38,-4707.0,-491.0,77.0,-1350.0,-3413.0,660.0,3.5773938144459914,0.0017523547266639545,0.0010226593570379769,,55.0,1668.0,1723.0,0.0,0.0,31.0,13.0,1.0,1.0
2020-04-04,202014,ND,38,-4845.0,-902.0,-505.0,-1838.0,-4131.0,728.0,1.5492374625211494,0.001721062677973527,0.0006825107541559371,,103.0,3212.0,3315.0,0.0,0.0,262.0,14.0,2.0,3.0
2020-04-11,202015,ND,38,-2414.0,-475.0,-402.0,-1974.0,-4790.0,692.0,0.2859437276455529,0.0012986200206527526,0.0005659305388514635,,107.0,3766.0,3873.0,0.0,0.0,642.0,6.0,4.0,7.0
2020-04-18,202016,ND,38,-2121.0,-806.0,-466.0,-1980.0,-4595.0,719.0,7.652045194159306e-05,0.001032637606784116,0.00043975828051560933,,235.0,2648.0,2883.0,0.0,0.0,1046.0,11.0,2.0,9.0
2020-04-25,202017,ND,38,-1672.0,-456.0,-37.0,-1666.0,-4103.0,679.0,0.0,0.0006101949494633412,0.00029513978558094576,,275.0,6112.0,6387.0,0.0,0.0,1685.0,23.0,7.0,16.0
2020-05-02,202018,ND,38,-1237.0,-215.0,70.0,-1415.0,-3866.0,571.0,0.0,6.258409738085552e-05,-3.689247319761823e-06,,350.0,11847.0,12197.0,0.0,0.0,2972.0,20.0,8.0,24.0
2020-05-09,202019,ND,38,,,,,,,,,,,311.0,12075.0,12386.0,0.0,0.0,4275.0,20.0,11.0,35.0
2020-03-07,202010,OH,39,7954.0,4176.0,5063.0,2569.0,1762.0,-313.0,6.87231206707455,0.051146853584504166,0.0401611463229272,0.0,0.0,2.0,2.0,0.0,0.0,0.0,0.0,0.0,0.0
2020-03-14,202011,OH,39,5663.0,10413.0,6744.0,2049.0,259.0,178.0,6.178218127461983,0.049644835247363635,0.03995307277409263,0.3,13.0,41.0,54.0,0.0,0.0,0.0,0.0,0.0,0.0
2020-03-21,202012,OH,39,-13684.0,9655.0,3446.0,-1354.0,-11839.0,4297.0,6.2442069561205615,0.04781425039897362,0.029809118343675525,1.3,234.0,90.0,324.0,0.0,0.0,0.0,58.0,3.0,3.0
2020-03-28,202013,OH,39,-24159.0,-6594.0,5407.0,-5598.0,-22774.0,6988.0,3.354488188871034,0.042259911756422686,0.020977060260165725,3.1,1159.0,18872.0,20031.0,0.0,0.0,0.0,286.0,22.0,25.0
2020-04-04,202014,OH,39,-21473.0,-4940.0,7160.0,-6392.0,-24794.0,7052.0,1.3683253542641471,0.04287010670588603,0.018559127566793825,4.3,2333.0,19120.0,21453.0,0.0,0.0,0.0,662.0,77.0,102.0
2020-04-11,202015,OH,39,-17501.0,-3298.0,6622.0,-7163.0,-26315.0,6934.0,0.1985794650703626,0.040460618956723086,0.01614635981966959,3.1,2511.0,16089.0,18600.0,0.0,0.0,0.0,853.0,145.0,247.0
2020-04-18,202016,OH,39,-16602.0,-6484.0,2967.0,-7877.0,-24975.0,7221.0,0.03428538188862396,0.035438245141909436,0.014506120461303484,3.4,3972.0,14598.0,18570.0,0.0,0.0,0.0,660.0,204.0,451.0
2020-04-25,202017,OH,39,-12285.0,-3453.0,7784.0,-6208.0,-23389.0,6507.0,0.036015869918476794,0.0259254623400194,0.011285407551151412,2.6,5365.0,27577.0,32942.0,0.0,0.0,0.0,596.0,260.0,711.0
2020-05-02,202018,OH,39,-9500.0,-746.0,6828.0,-4738.0,-22402.0,5689.0,0.049482490845425324,0.00718152517445317,0.0017870714016926265,,4012.0,30088.0,33836.0,267.0,424.0,0.0,597.0,311.0,1022.0
2020-05-09,202019,OH,39,,,,,,,,,,,4362.0,46489.0,50851.0,1861.0,2793.0,0.0,588.0,309.0,1331.0
2020-03-07,202010,OK,40,6990.0,5160.0,1699.0,1961.0,1102.0,-340.0,9.936223579154486,0.00919986231498576,0.013037062178574328,,0.0,0.0,0.0,0.0,0.0,0.0,0.0,0.0,0.0
2020-03-14,202011,OK,40,4690.0,5765.0,268.0,2238.0,-112.0,-61.0,6.993828966531094,0.009059048095878836,0.011975296799946874,,3.0,36.0,39.0,0.0,0.0,0.0,0.0,0.0,0.0
2020-03-21,202012,OK,40,-3278.0,6239.0,-944.0,443.0,-8539.0,1512.0,5.516996710506308,0.008918233876771911,0.008530277652753285,,49.0,524.0,573.0,0.0,0.0,0.0,10.0,1.0,1.0
2020-03-28,202013,OK,40,-9504.0,465.0,210.0,-2173.0,-12490.0,2225.0,2.5798346200916864,0.0072284632474888125,0.006420028185849525,,324.0,620.0,944.0,0.0,0.0,0.0,116.0,14.0,15.0
2020-04-04,202014,OK,40,-11230.0,-1092.0,-1286.0,-3622.0,-14870.0,2423.0,0.901075910938703,0.0072597552961792405,0.005118461731437552,,782.0,182.0,964.0,0.0,551.0,383.0,190.0,27.0,42.0
2020-04-11,202015,OK,40,-7082.0,-304.0,36.0,-3655.0,-16280.0,2301.0,0.2014693114156665,0.00580467503207435,0.004168111621866907,,709.0,19428.0,20137.0,0.0,833.0,4161.0,130.0,52.0,94.0
2020-04-18,202016,OK,40,-5415.0,-1437.0,-1236.0,-3660.0,-15342.0,2411.0,0.2645579053802982,0.004693807303564164,0.0036685875347711562,,702.0,12176.0,12878.0,0.0,1050.0,7991.0,95.0,42.0,136.0
2020-04-25,202017,OK,40,-3554.0,-134.0,503.0,-2546.0,-14404.0,2243.0,0.1234209023536562,0.0035516475263635506,0.00275217850054232,,623.0,16925.0,17548.0,0.0,1044.0,12588.0,96.0,58.0,194.0
2020-05-02,202018,OK,40,-1242.0,1742.0,1020.0,-1227.0,-13167.0,1785.0,4.7279174333816727e-07,0.0011421597772006133,0.0005460086033247497,,658.0,9913.0,10571.0,0.0,876.0,16307.0,106.0,44.0,238.0
2020-05-09,202019,OK,40,,,,,,,,,,,639.0,31575.0,32214.0,0.0,685.0,20259.0,79.0,32.0,270.0
2020-03-07,202010,OR,41,2608.0,1769.0,4269.0,652.0,409.0,-118.0,7.313056052770133,0.005867259129455205,0.008300068620000147,0.1,4.0,48.0,52.0,0.0,0.0,0.0,0.0,0.0,0.0
2020-03-14,202011,OR,41,1445.0,2253.0,4546.0,112.0,-126.0,101.0,7.998653688395839,0.005820321056419563,0.008235875716636292,0.5,23.0,260.0,283.0,0.0,0.0,0.0,0.0,0.0,0.0
2020-03-21,202012,OR,41,-3849.0,2181.0,7729.0,-1217.0,-5089.0,1132.0,6.7062537307562495,0.0054761085208248576,0.007087044101262461,1.6,84.0,1666.0,1750.0,0.0,0.0,0.0,0.0,4.0,4.0
2020-03-28,202013,OR,41,-9149.0,-2787.0,190.0,-3524.0,-8482.0,1908.0,3.857792053540524,0.0051475420095753645,0.005234304097278074,3.8,365.0,7690.0,8055.0,62.0,0.0,0.0,117.0,9.0,13.0
2020-04-04,202014,OR,41,-8958.0,-2805.0,-1229.0,-3812.0,-9025.0,1987.0,1.5431627390476823,0.005006727790468442,0.004539249902234947,4.1,520.0,6842.0,7362.0,270.0,0.0,0.0,122.0,9.0,22.0
2020-04-11,202015,OR,41,-6174.0,-1653.0,3179.0,-3731.0,-9097.0,1851.0,0.44989038179401103,0.004271364646243389,0.003613986674438681,2.9,372.0,9318.0,9690.0,361.0,251.0,0.0,99.0,26.0,48.0
2020-04-18,202016,OR,41,-5349.0,-1727.0,3478.0,-4115.0,-8768.0,1791.0,0.3231200188540677,0.0030353287229714925,0.002643714629341323,3.0,473.0,9886.0,10359.0,310.0,592.0,0.0,111.0,24.0,72.0
2020-04-25,202017,OR,41,-4930.0,-1478.0,2448.0,-3745.0,-8503.0,1789.0,0.3766393374892005,0.0026285320899959315,0.0019973584989190518,2.1,409.0,9385.0,9794.0,236.0,475.0,0.0,87.0,15.0,87.0
2020-05-02,202018,OR,41,-3999.0,-542.0,3111.0,-2794.0,-8172.0,1515.0,0.010546388078559359,0.0007040710955346245,0.00024422817256823263,,382.0,12377.0,12759.0,190.0,433.0,0.0,59.0,22.0,109.0
2020-05-09,202019,OR,41,,,,,,,,,,,525.0,13959.0,14484.0,143.0,307.0,7080.0,67.0,18.0,127.0
2020-03-07,202010,PA,42,4980.0,2387.0,4411.0,990.0,1154.0,-176.0,7.950171541874154,0.03309134149012735,0.03002973533339728,,2.0,0.0,2.0,0.0,0.0,0.0,0.0,0.0,0.0
2020-03-14,202011,PA,42,4279.0,5959.0,9576.0,306.0,-89.0,155.0,7.470972118824372,0.031808367493819815,0.02888311726641532,,43.0,205.0,248.0,0.0,0.0,0.0,0.0,0.0,0.0
2020-03-21,202012,PA,42,-10161.0,3833.0,4877.0,-5565.0,-10614.0,3869.0,7.035163534102714,0.02944581781769252,0.02426713101992932,,324.0,3561.0,3885.0,0.0,0.0,0.0,0.0,2.0,2.0
2020-03-28,202013,PA,42,-19826.0,-7651.0,314.0,-9745.0,-18478.0,6056.0,4.108709617810431,0.028788684795193538,0.019710172730559517,,2380.0,21488.0,23868.0,0.0,0.0,0.0,0.0,32.0,34.0
2020-04-04,202014,PA,42,-19229.0,-7445.0,825.0,-10250.0,-19365.0,6086.0,2.188180806278513,0.033466846074412485,0.018433693157921927,,7266.0,34759.0,42025.0,0.0,0.0,0.0,0.0,102.0,136.0
2020-04-11,202015,PA,42,-16028.0,-5514.0,3918.0,-10638.0,-20667.0,6142.0,0.9054605960981479,0.03784773289107237,0.017173446273491284,,11638.0,38485.0,50123.0,3526.0,0.0,0.0,2115.0,367.0,503.0
2020-04-18,202016,PA,42,-15974.0,-7189.0,191.0,-10507.0,-19757.0,6210.0,0.4244261572849118,0.03331038583096035,0.015998789926879118,,9414.0,24398.0,33812.0,4657.0,0.0,0.0,1555.5,539.0,1042.0
2020-04-25,202017,PA,42,-13690.0,-5509.0,3726.0,-9507.0,-18459.0,5956.0,0.21729730248827733,0.02317176205526176,0.012265271639280154,,8980.0,29990.0,38970.0,4672.0,0.0,0.0,1970.25,751.0,1793.0
2020-05-02,202018,PA,42,-11726.0,-3537.0,3116.0,-8607.0,-17694.0,5321.0,0.14012147807581027,0.006070657445942986,0.002029823875332955,,8256.0,34185.0,42441.0,4196.0,0.0,0.0,1687.875,902.0,2695.0
2020-05-09,202019,PA,42,,,,,,,,,,,7011.0,34720.0,41731.0,3803.0,0.0,0.0,0.0,1084.0,3779.0
2020-03-07,202010,RI,44,353.0,-40.0,906.0,-10.0,126.0,-19.0,5.018565526440206,0.003489063428982695,0.004075142589408909,,2.0,30.0,31.0,0.0,0.0,0.0,0.0,0.0,0.0
2020-03-14,202011,RI,44,289.0,359.0,1956.0,-242.0,-22.0,46.0,6.05309843218994,0.003004036674281065,0.0037534402231256783,,18.0,168.0,186.0,0.0,0.0,0.0,0.0,0.0,0.0
2020-03-21,202012,RI,44,-1087.0,176.0,1150.0,-1074.0,-1161.0,505.0,5.132965098826072,0.002691116187376787,0.003149141512148692,,46.0,664.0,710.0,0.0,0.0,0.0,0.0,0.0,0.0
2020-03-28,202013,RI,44,-1724.0,-694.0,1282.0,-1496.0,-1735.0,594.0,2.848731457827624,0.002941452576900209,0.0027661976403574144,,173.0,1679.0,1852.0,18.0,27.0,0.0,0.0,2.0,2.0
2020-04-04,202014,RI,44,-1982.0,-918.0,-92.0,-1745.0,-1939.0,648.0,1.7816873579785124,0.00378633789154176,0.003101181296991788,,567.0,3043.0,3610.0,42.0,100.0,175.0,0.0,15.0,17.0
2020-04-11,202015,RI,44,-1699.0,-658.0,541.0,-1754.0,-2036.0,650.0,1.0330571036397576,0.003676815721125261,0.003598491835695681,,1543.0,10274.0,11817.0,162.0,295.0,245.0,0.0,39.0,56.0
2020-04-18,202016,RI,44,-1700.0,-1016.0,119.0,-1971.0,-2016.0,653.0,0.18342049571476465,0.0035360015020183366,0.0029211460277874107,,2130.0,12477.0,14607.0,225.0,392.0,1068.0,578.0,81.0,137.0
2020-04-25,202017,RI,44,-1450.0,-783.0,574.0,-1799.0,-1913.0,626.0,0.27193422974883225,0.0021591513596395154,0.002749227102686511,,2650.0,15427.0,18077.0,314.0,492.0,2270.0,179.0,78.0,215.0
2020-05-02,202018,RI,44,-1352.0,-676.0,491.0,-1789.0,-1876.0,590.0,0.0924362997894974,0.0003598585599399192,0.0006817729046919847,,2160.0,16877.0,19037.0,378.0,564.0,3219.0,401.0,81.0,296.0
2020-05-09,202019,RI,44,,,,,,,,,,,1700.0,16187.0,17887.0,406.0,572.0,4668.0,241.0,122.0,418.0
2020-03-07,202010,SC,45,3533.0,1676.0,1713.0,1967.0,573.0,-50.0,5.160265142723282,0.012970554182182306,0.01893543079340953,,2.0,3.0,5.0,0.0,0.0,0.0,0.0,0.0,0.0
2020-03-14,202011,SC,45,3323.0,3889.0,5146.0,2146.0,331.0,-173.0,6.036539105486928,0.012845385987420594,0.018075836167905025,,11.0,102.0,113.0,0.0,0.0,0.0,0.0,0.0,0.0
2020-03-21,202012,SC,45,-3438.0,5385.0,2806.0,-50.0,-4415.0,1344.0,6.302359683021607,0.012172606940576395,0.013124866264784658,,139.0,1145.0,1284.0,0.0,0.0,0.0,0.0,3.0,3.0
2020-03-28,202013,SC,45,-9561.0,-898.0,-377.0,-3936.0,-8729.0,2301.0,3.358868257223475,0.012250837062302473,0.00921500195530108,,387.0,1153.0,1540.0,0.0,0.0,0.0,129.0,12.0,15.0
2020-04-04,202014,SC,45,-8828.0,-188.0,-1545.0,-5158.0,-10513.0,2437.0,1.438186796600058,0.011265137528553992,0.007351932058821358,,1378.0,13989.0,15367.0,0.0,0.0,0.0,767.0,25.0,40.0
2020-04-11,202015,SC,45,-7778.0,-921.0,-2201.0,-6364.0,-12351.0,2629.0,0.7637307329600448,0.010263791970460305,0.0060415114108419606,,1290.0,10489.0,11779.0,0.0,0.0,0.0,255.0,40.0,80.0
2020-04-18,202016,SC,45,-6241.0,-2072.0,-2664.0,-5793.0,-11645.0,2473.0,0.24319710639952305,0.00741621553963138,0.004982697430070317,,1039.0,7701.0,8740.0,0.0,0.0,2633.0,280.0,39.0,119.0
2020-04-25,202017,SC,45,-5466.0,-1272.0,-2313.0,-4800.0,-10741.0,2531.0,0.06326335736537975,0.004693807303564164,0.0039947169978381035,,1007.0,9174.0,10181.0,0.0,0.0,20411.0,168.0,47.0,166.0
2020-05-02,202018,SC,45,-3335.0,539.0,580.0,-3184.0,-9910.0,2000.0,0.0599718976659824,0.001721062677973527,0.0009606800020659784,,1236.0,11366.0,12602.0,0.0,0.0,23980.0,166.0,101.0,267.0
2020-05-09,202019,SC,45,,,,,,,,,,,1042.0,22551.0,23387.0,0.0,0.0,26434.0,142.0,63.0,330.0
2020-03-07,202010,SD,46,1374.0,845.0,697.0,235.0,401.0,-61.0,6.3909518600307695,0.00378633789154176,0.003230304953183452,,0.0,0.0,0.0,0.0,0.0,0.0,0.0,0.0,0.0
2020-03-14,202011,SD,46,265.0,1756.0,583.0,67.0,-247.0,29.0,4.937521283158604,0.0036455236724348334,0.003236945598359023,,9.0,177.0,186.0,0.0,0.0,0.0,0.0,1.0,1.0
2020-03-21,202012,SD,46,-2459.0,1011.0,136.0,-284.0,-3536.0,451.0,5.139128673648418,0.003363895234220984,0.002585424521689085,,5.0,509.0,514.0,0.0,0.0,0.0,0.0,0.0,1.0
2020-03-28,202013,SD,46,-5036.0,-529.0,434.0,-594.0,-5198.0,591.0,2.92044833965294,0.002675470163031573,0.0021036088217281914,,54.0,1901.0,1955.0,0.0,0.0,63.0,0.0,0.0,1.0
2020-04-04,202014,SD,46,-5591.0,-1117.0,835.0,-881.0,-6374.0,646.0,0.8628795834962735,0.0020496291892230178,0.0015686679603627268,,144.0,2420.0,2564.0,0.0,0.0,360.0,19.0,1.0,2.0
2020-04-11,202015,SD,46,-2351.0,-105.0,1122.0,-996.0,-7086.0,639.0,0.10344263812394368,0.0015802484588666019,0.0013753514008072074,,414.0,2366.0,2780.0,0.0,0.0,946.0,14.0,4.0,6.0
2020-04-18,202016,SD,46,-2360.0,-263.0,169.0,-884.0,-6815.0,675.0,0.0013284990694637947,0.0011578058015458276,0.0010684060238030238,,916.0,2740.0,3656.0,0.0,0.0,2376.0,35.0,1.0,7.0
2020-04-25,202017,SD,46,-1663.0,-61.0,1612.0,-654.0,-6262.0,601.0,-0.00022607581000136777,0.001032637606784116,0.0007216167757454125,,605.0,3331.0,3936.0,0.0,0.0,6593.0,60.0,3.0,10.0
2020-05-02,202018,SD,46,-1041.0,134.0,2390.0,-351.0,-6032.0,478.0,-0.0001937792657154581,0.0003598585599399192,0.00011584236584052119,,441.0,2054.0,2495.0,0.0,0.0,10475.0,59.0,11.0,21.0
2020-05-09,202019,SD,46,,,,,,,,,,,805.0,4056.0,4861.0,0.0,0.0,13723.0,66.0,13.0,34.0
2020-03-07,202010,TN,47,8971.0,6233.0,3964.0,2046.0,1010.0,-255.0,6.584061205895712,0.026410489094721032,0.024157929299264358,0.1,0.0,0.0,0.0,0.0,0.0,0.0,0.0,0.0,0.0
2020-03-14,202011,TN,47,5844.0,10297.0,4396.0,1813.0,519.0,31.0,6.844895207577889,0.02445473605156929,0.023490913383851432,0.7,31.0,130.0,161.0,0.0,0.0,0.0,0.0,0.0,0.0
2020-03-21,202012,TN,47,-5715.0,11981.0,937.0,-771.0,-8650.0,2109.0,6.329916680886197,0.024423444002878863,0.020462041334326973,2.6,339.0,3142.0,3481.0,0.0,0.0,0.0,0.0,1.0,1.0
2020-03-28,202013,TN,47,-15620.0,307.0,1256.0,-4336.0,-18144.0,3491.0,2.8757885389379503,0.022514629032762773,0.016876830788982434,8.4,1002.0,13693.0,14695.0,0.0,0.0,0.0,118.0,6.0,7.0
2020-04-04,202014,TN,47,-16046.0,1637.0,509.0,-5703.0,-21229.0,3682.0,1.2318394587897357,0.022248646618894138,0.013828774653395215,9.1,1948.0,21105.0,23053.0,0.0,0.0,1142.0,193.0,43.0,50.0
2020-04-11,202015,TN,47,-11194.0,-763.0,506.0,-6995.0,-24563.0,3665.0,0.7378847460790081,0.019103795725506148,0.010898036582576423,5.2,1793.0,23644.0,25437.0,0.0,0.0,5161.0,245.0,56.0,106.0
2020-04-18,202016,TN,47,-8651.0,-2633.0,-1496.0,-6292.0,-22468.0,3525.0,0.10650078577203548,0.014926307225334041,0.00935519335345203,4.3,1648.0,22110.0,23758.0,0.0,0.0,16377.0,163.0,36.0,142.0
2020-04-25,202017,TN,47,-6963.0,-1450.0,-792.0,-5642.0,-20850.0,3532.0,0.07857171204301988,0.007760428075226085,0.005831962163079489,4.5,2427.0,48393.0,50820.0,0.0,0.0,27789.0,102.0,35.0,177.0
2020-05-02,202018,TN,47,-3171.0,631.0,850.0,-3498.0,-19019.0,2846.0,0.050707008527667706,0.0015802484588666019,0.0009451851633229787,,3472.0,51398.0,54870.0,0.0,0.0,35910.0,304.0,32.0,209.0
2020-05-09,202019,TN,47,,,,,,,,,,,2107.0,54365.0,56472.0,0.0,0.0,45978.0,194.0,33.0,242.0
2020-03-07,202010,TX,48,17322.0,10038.0,5534.0,6589.0,2701.0,-792.0,7.700242287989675,0.07549206746565698,0.08220749802625267,,7.0,0.0,7.0,0.0,0.0,0.0,0.0,0.0,0.0
2020-03-14,202011,TX,48,16813.0,21052.0,8908.0,8073.0,-9595.0,571.0,7.177451434574713,0.07226898645054293,0.0736137653195995,,43.0,0.0,43.0,0.0,0.0,0.0,0.0,0.0,0.0
2020-03-21,202012,TX,48,-12802.0,17496.0,-2700.0,-1314.0,-23592.0,5128.0,6.548269468228079,0.06597928466376693,0.06487172487069189,,253.0,6218.0,6471.0,0.0,0.0,0.0,0.0,5.0,5.0
2020-03-28,202013,TX,48,-37419.0,-8102.0,-3950.0,-12105.0,-35539.0,7796.0,3.974078892756238,0.05954876865788403,0.04944329257944795,,1748.0,16990.0,18738.0,0.0,0.0,0.0,0.0,25.0,30.0
2020-04-04,202014,TX,48,-43855.0,-16405.0,-10371.0,-17748.0,-42736.0,8918.0,2.0431605819456093,0.055981475107175264,0.04056474997970914,,4058.0,34433.0,38491.0,0.0,0.0,228.0,196.0,86.0,116.0
2020-04-11,202015,TX,48,-28988.0,-10884.0,-9406.0,-20953.0,-47224.0,9000.0,0.8660160945852249,0.052414181556466495,0.033626013620701105,,6451.0,50331.0,56782.0,0.0,0.0,4236.0,1416.0,150.0,266.0
2020-04-18,202016,TX,48,-21871.0,-10745.0,-9075.0,-19670.0,-43148.0,8555.0,0.5668440487131956,0.04357417780142065,0.028404990813774175,,5699.0,50007.0,55706.0,0.0,0.0,22686.0,613.0,210.0,476.0
2020-04-25,202017,TX,48,-18296.0,-7249.0,-2236.0,-16754.0,-40429.0,8075.0,0.1365859151032566,0.029179835403823882,0.02143821617513595,,5513.0,81064.0,86577.0,0.0,0.0,52034.0,1290.5,162.0,638.0
2020-05-02,202018,TX,48,-13248.0,-2709.0,1598.0,-13155.0,-38183.0,6836.0,0.0007166908924228676,0.0071658791501079564,0.0042278774284470475,,6749.0,111083.0,117832.0,0.0,0.0,88592.0,1079.75,225.0,863.0
2020-05-09,202019,TX,48,,,,,,,,,,,7338.0,101308.0,108646.0,0.0,0.0,123825.0,0.0,203.0,1066.0
2020-03-07,202010,UT,49,2275.0,2827.0,1818.0,753.0,250.0,-54.0,5.862401278993772,0.0009856995337484745,0.004333389901792236,0.0,0.0,0.0,0.0,0.0,0.0,0.0,0.0,0.0,0.0
2020-03-14,202011,UT,49,2061.0,4747.0,1981.0,620.0,-29.0,33.0,5.953292059934733,0.0007510091685702662,0.0043983206546200455,0.2,5.0,131.0,136.0,0.0,0.0,0.0,0.0,0.0,0.0
2020-03-21,202012,UT,49,-1962.0,3046.0,2129.0,-463.0,-3872.0,695.0,5.850072002830888,0.0007040710955346245,0.003637597857285157,1.0,130.0,2293.0,2423.0,0.0,0.0,0.0,0.0,0.0,0.0
2020-03-28,202013,UT,49,-4917.0,-141.0,1068.0,-1604.0,-5308.0,946.0,3.0886390630388774,0.0006884250711894107,0.003081259361465075,2.1,466.0,8286.0,8752.0,0.0,0.0,0.0,0.0,1.0,1.0
2020-04-04,202014,UT,49,-5435.0,-755.0,1535.0,-1880.0,-6196.0,1027.0,0.8340672888670568,0.0007040710955346245,0.002479912048343897,2.4,826.0,15905.0,16731.0,0.0,0.0,0.0,117.0,7.0,8.0
2020-04-11,202015,UT,49,-3186.0,-794.0,1800.0,-2128.0,-6623.0,1034.0,0.3346115113866051,0.0005945489251181274,0.0020814733378096205,3.0,778.0,13725.0,14503.0,0.0,0.0,0.0,73.0,10.0,18.0
2020-04-18,202016,UT,49,-2893.0,-1276.0,948.0,-2216.0,-6140.0,1020.0,0.08984210415474321,0.00028162843821384983,0.0017509167779589606,3.6,725.0,16673.0,17398.0,0.0,0.0,2019.0,61.0,7.0,25.0
2020-04-25,202017,UT,49,-2209.0,-859.0,2907.0,-1398.0,-5877.0,932.0,0.14246145774510835,0.00028162843821384983,0.0011576858089412598,4.9,1017.0,29245.0,30262.0,0.0,0.0,7014.0,78.0,16.0,41.0
2020-05-02,202018,UT,49,-1680.0,-435.0,3577.0,-968.0,-5623.0,732.0,0.0,-1.564602434521388e-05,0.00015937548421371072,,1033.0,26565.0,27598.0,0.0,0.0,12889.0,89.0,8.0,49.0
2020-05-09,202019,UT,49,,,,,,,,,,,1122.0,24368.0,25490.0,0.0,0.0,17786.0,80.0,17.0,66.0
2020-03-07,202010,VT,50,979.0,617.0,178.0,256.0,-51.0,16.0,8.232103540159455,0.0005476108520824859,0.001303780002803828,,0.0,8.0,8.0,0.0,0.0,0.0,0.0,0.0,0.0
2020-03-14,202011,VT,50,411.0,1117.0,257.0,-87.0,41.0,66.0,10.448574994559571,0.0007197171198798384,0.0011805591423237833,,4.0,211.0,215.0,0.0,0.0,0.0,0.0,0.0,0.0
2020-03-21,202012,VT,50,-2539.0,460.0,50.0,-1039.0,-2253.0,464.0,8.1204151142522,0.0006414869981537691,0.0008817301094230756,,25.0,552.0,577.0,0.0,0.0,0.0,0.0,2.0,2.0
2020-03-28,202013,VT,50,-4545.0,-1905.0,18.0,-1499.0,-4294.0,618.0,3.9532233900391063,0.0004850267547016303,0.0006448804314943665,,182.0,1384.0,1566.0,0.0,0.0,0.0,18.0,10.0,12.0
2020-04-04,202014,VT,50,-4966.0,-2615.0,-427.0,-1612.0,-4972.0,641.0,2.488512642326586,0.0005632568764276997,0.0006987434423628893,,250.0,3220.0,3470.0,0.0,0.0,75.0,27.0,8.0,20.0
2020-04-11,202015,VT,50,-2478.0,-1372.0,-136.0,-1833.0,-5045.0,576.0,1.2413895822686376,0.000516318803392058,0.0006197935497199861,,250.0,3164.0,3414.0,0.0,0.0,105.0,5.0,5.0,25.0
2020-04-18,202016,VT,50,-2101.0,-1595.0,-99.0,-2203.0,-4978.0,647.0,0.03589256979607318,0.0004067966329755608,0.0004796021515690369,,92.0,3216.0,3308.0,0.0,0.0,105.0,0.0,13.0,38.0
2020-04-25,202017,VT,50,-1756.0,-1193.0,420.0,-2007.0,-4692.0,661.0,0.04846590737589958,0.00012516819476171104,0.00033941075341808763,,40.0,2076.0,2116.0,0.0,0.0,30.0,0.0,8.0,46.0
2020-05-02,202018,VT,50,-1662.0,-993.0,328.0,-1949.0,-4481.0,610.0,0.05223407242625786,1.564602434521388e-05,2.8776129094142213e-05,,43.0,1866.0,1909.0,0.0,0.0,0.0,0.0,5.0,51.0
2020-05-09,202019,VT,50,,,,,,,,,,,35.0,2901.0,2936.0,0.0,6.0,2905.0,0.0,2.0,53.0
2020-03-07,202010,VA,51,9875.0,5991.0,2791.0,2014.0,1471.0,-234.0,5.700153873012653,0.014378696373251556,0.024847818548059827,,0.0,13.0,13.0,0.0,0.0,0.0,0.0,0.0,0.0
2020-03-14,202011,VA,51,7784.0,11629.0,5350.0,1725.0,-238.0,54.0,5.41057175302907,0.01415965203241856,0.023583144566845474,,30.0,86.0,116.0,0.0,0.0,0.0,0.0,1.0,1.0
2020-03-21,202012,VA,51,-12522.0,8095.0,2532.0,-3107.0,-16994.0,3472.0,5.097901117918238,0.014300466251525487,0.01773421186609508,,122.0,2521.0,2643.0,0.0,0.0,0.0,25.0,2.0,3.0
2020-03-28,202013,VA,51,-26700.0,-6076.0,531.0,-8287.0,-27118.0,4948.0,2.277581818941926,0.0131895985230153,0.012348648628706773,,587.0,5789.0,6376.0,0.0,0.0,0.0,74.0,10.0,13.0
2020-04-04,202014,VA,51,-27935.0,-7090.0,-81.0,-9871.0,-30428.0,5076.0,0.9461030840354392,0.013377350815157866,0.01042876432350272,,1668.0,10718.0,12386.0,0.0,0.0,0.0,291.0,39.0,52.0
2020-04-11,202015,VA,51,-17949.0,-5630.0,973.0,-10337.0,-33652.0,5134.0,0.3479154528330293,0.013252182620396156,0.00902758819145718,,2670.0,13777.0,16447.0,855.0,1352.0,0.0,382.0,78.0,130.0
2020-04-18,202016,VA,51,-16353.0,-6612.0,-594.0,-10797.0,-32712.0,5127.0,0.0015822638036508967,0.011765810307600835,0.00797984195264482,,2976.0,10956.0,13932.0,1798.0,2909.0,4762.0,1296.0,128.0,258.0
2020-04-25,202017,VA,51,-14681.0,-5238.0,33.0,-9681.0,-31327.0,5035.0,0.043041663945393716,0.009012110022843195,0.007317990983479551,,4313.0,16398.0,20711.0,1655.0,2742.0,10462.0,646.0,179.0,437.0
2020-05-02,202018,VA,51,-12406.0,-2946.0,351.0,-7982.0,-30342.0,4589.0,0.14130487535586994,0.002597240041305504,0.0015413675301964894,,5365.0,29263.0,33798.0,1476.0,2652.0,14226.0,1796.0,180.0,617.0
2020-05-09,202019,VA,51,,,,,,,,,,,5465.0,29588.0,35053.0,1363.0,2571.0,19224.0,979.0,210.0,827.0
2020-03-07,202010,WA,53,2362.0,2223.0,4040.0,1083.0,203.0,-58.0,7.246616314738772,0.008527083268141564,0.013473869061234128,,164.0,1723.0,1887.0,0.0,0.0,0.0,0.0,15.0,15.0
2020-03-14,202011,WA,53,892.0,2899.0,4792.0,-49.0,-635.0,295.0,7.281707912806866,0.008354977000344209,0.012540489489334386,,624.0,15037.0,15661.0,0.0,0.0,0.0,0.0,23.0,38.0
2020-03-21,202012,WA,53,-5020.0,2544.0,10360.0,-2176.0,-5890.0,1548.0,6.0607421265821655,0.008448853146415494,0.011599731422795122,,1236.0,25153.0,26389.0,0.0,0.0,0.0,0.0,55.0,93.0
2020-03-28,202013,WA,53,-9858.0,-2841.0,-406.0,-5916.0,-10005.0,2580.0,3.5563334524097616,0.00754138373439309,0.009662138730456212,,2695.0,26266.0,28961.0,0.0,0.0,0.0,0.0,94.0,187.0
2020-04-04,202014,WA,53,-10010.0,-3220.0,-1074.0,-6936.0,-11428.0,2699.0,1.3865632378001922,0.007869950245642581,0.008592994857189236,,3055.0,25327.0,28382.0,0.0,174.0,0.0,574.0,127.0,314.0
2020-04-11,202015,WA,53,-7067.0,-1793.0,3785.0,-6112.0,-11502.0,2566.0,0.4662999070910821,0.007040710955346245,0.0073681647470283124,,2370.0,24707.0,27077.0,0.0,1318.0,0.0,362.0,180.0,494.0
2020-04-18,202016,WA,53,-6188.0,-1901.0,3726.0,-5529.0,-10666.0,2536.0,0.31200370657117354,0.005632568764276997,0.005949280227847914,,1725.0,22573.0,24298.0,0.0,1195.0,0.0,337.0,118.0,612.0
2020-04-25,202017,WA,53,-5583.0,-1492.0,2149.0,-5401.0,-10270.0,2496.0,0.2410846100697588,0.0038645680132678283,0.004048580008706624,,1634.0,21110.0,22744.0,0.0,1126.0,0.0,286.5,124.0,736.0
2020-05-02,202018,WA,53,-4694.0,-669.0,3309.0,-4588.0,-9793.0,2115.0,0.0,0.0005632568764276997,0.0005533870979642733,,1116.0,22168.0,23284.0,0.0,956.0,0.0,284.75,93.0,829.0
2020-05-09,202019,WA,53,,,,,,,,,,,1751.0,35360.0,37111.0,0.0,829.0,0.0,0.0,-8.0,821.0
2020-03-07,202010,WV,54,4001.0,1528.0,375.0,468.0,682.0,-52.0,7.8963263248559725,0.0062897017867759785,0.005978794206406009,,0.0,1.0,1.0,0.0,0.0,0.0,0.0,0.0,0.0
2020-03-14,202011,WV,54,3305.0,2936.0,493.0,469.0,222.0,-3.0,7.1261105778703255,0.006195825640704696,0.006020113776387342,,0.0,24.0,24.0,0.0,0.0,0.0,0.0,0.0,0.0
2020-03-21,202012,WV,54,-3676.0,2771.0,-358.0,-381.0,-4880.0,659.0,5.811424074742428,0.005632568764276997,0.004716333773583514,,11.0,304.0,315.0,0.0,0.0,0.0,1.0,0.0,0.0
2020-03-28,202013,WV,54,-10206.0,-3680.0,-366.0,-1845.0,-10259.0,1077.0,2.291324088857089,0.004302656694933817,0.0033077791468984503,,85.0,2001.0,2086.0,0.0,0.0,0.0,0.0,0.0,0.0
2020-04-04,202014,WV,54,-8935.0,-2606.0,-236.0,-2006.0,-11232.0,1093.0,0.7690667005611967,0.003739399818506117,0.002511639575293849,,186.0,5073.0,5259.0,0.0,0.0,0.0,0.0,2.0,2.0
2020-04-11,202015,WV,54,-4762.0,-1248.0,-659.0,-2469.0,-12223.0,1072.0,0.10373129315227687,0.0027849923334480704,0.00211246301529562,,295.0,7471.0,7766.0,44.0,60.0,126.0,0.0,3.0,5.0
2020-04-18,202016,WV,54,-4054.0,-1787.0,-1076.0,-2127.0,-11340.0,1078.0,0.00010393221030794748,0.00189316894577088,0.0018291288211379113,,208.0,3780.0,3988.0,170.0,261.0,1227.0,164.0,11.0,16.0
2020-04-25,202017,WV,54,-3359.0,-1259.0,-472.0,-1839.0,-10873.0,1092.0,0.06777778118585194,0.0010952217041649717,0.001295663658700352,,235.0,13291.0,13526.0,157.0,273.0,2473.0,0.0,16.0,32.0
2020-05-02,202018,WV,54,-2577.0,-605.0,-670.0,-1217.0,-10228.0,936.0,0.1453837161181706,0.00014081421910692492,0.00011731806476842595,,149.0,16031.0,16180.0,129.0,244.0,3567.0,0.0,16.0,48.0
2020-05-09,202019,WV,54,,,,,,,,,,,166.0,11685.0,11851.0,84.0,155.0,4806.0,0.0,4.0,52.0
2020-03-07,202010,WI,55,4275.0,2720.0,3190.0,802.0,1304.0,-154.0,9.32712817740289,0.009622304972306536,0.010810970345830043,,0.0,12.0,12.0,0.0,0.0,0.0,0.0,0.0,0.0
2020-03-14,202011,WI,55,3049.0,5561.0,2014.0,506.0,613.0,169.0,8.21780748934963,0.00919986231498576,0.010075334430269535,,18.0,138.0,156.0,0.0,0.0,0.0,0.0,0.0,0.0
2020-03-21,202012,WI,55,-12604.0,4115.0,881.0,-1950.0,-8087.0,2795.0,8.248601751767477,0.008761773633319772,0.008231448619852578,,262.0,4459.0,4721.0,0.0,0.0,0.0,0.0,4.0,4.0
2020-03-28,202013,WI,55,-23191.0,-7942.0,1758.0,-4465.0,-16219.0,4306.0,5.136419931321067,0.007979472416059077,0.005456396785927736,,708.0,10604.0,11312.0,0.0,0.0,0.0,0.0,13.0,17.0
2020-04-04,202014,WI,55,-22332.0,-7688.0,3746.0,-4099.0,-17688.0,4349.0,1.4795270951157191,0.008417561097725066,0.004491289687078043,,1123.0,9321.0,10335.0,0.0,0.0,0.0,588.0,37.0,54.0
2020-04-11,202015,WI,55,-13400.0,-3666.0,5756.0,-4143.0,-18746.0,4352.0,0.3738346769594533,0.00774478205088087,0.004114248610998385,,1101.0,10821.0,11922.0,0.0,369.0,0.0,362.0,83.0,137.0
2020-04-18,202016,WI,55,-12046.0,-5290.0,2200.0,-4450.0,-18152.0,4311.0,0.29733400953523786,0.006227117689395124,0.0035844726958805867,,986.0,9282.0,10268.0,348.0,1101.0,0.0,226.0,75.0,212.0
2020-04-25,202017,WI,55,-9809.0,-3211.0,5350.0,-3563.0,-16548.0,4069.0,6.009906878479246e-05,0.004130550427136464,0.003025920651668647,,1488.0,13176.0,14664.0,0.0,1031.0,0.0,200.0,54.0,266.0
2020-05-02,202018,WI,55,-8123.0,-865.0,5282.0,-2728.0,-15885.0,3561.0,6.200524974633829e-05,0.0012516819476171106,0.00041983634498889534,,1973.0,18432.0,20405.0,0.0,868.0,10402.0,215.0,68.0,334.0
2020-05-09,202019,WI,55,,,,,,,,,,,2279.0,26365.0,28644.0,0.0,761.0,30264.0,215.0,64.0,398.0
2020-03-07,202010,WY,56,1076.0,1430.0,329.0,-134.0,278.0,-40.0,6.488023536552402,0.0007823012172606937,0.0011916268842830685,,0.0,0.0,0.0,0.0,0.0,0.0,0.0,0.0,0.0
2020-03-14,202011,WY,56,518.0,2286.0,96.0,401.0,64.0,-1.0,5.714887160919608,0.0009856995337484745,0.0012211408628411632,,2.0,0.0,2.0,0.0,0.0,0.0,0.0,0.0,0.0
2020-03-21,202012,WY,56,-2766.0,1992.0,-223.0,-258.0,-2886.0,415.0,5.841026505805527,0.0009387614607128328,0.0009628935504578355,,21.0,438.0,459.0,0.0,0.0,0.0,0.0,0.0,0.0
2020-03-28,202013,WY,56,-5231.0,-530.0,-166.0,-651.0,-4390.0,582.0,3.6492398863505193,0.0006727790468441968,0.0007171896789616982,,59.0,1037.0,1096.0,0.0,0.0,54.0,14.0,0.0,0.0
2020-04-04,202014,WY,56,-5268.0,-878.0,-321.0,-342.0,-4778.0,594.0,1.3897567016673835,0.0006727790468441968,0.0005209217215503693,,105.0,1470.0,1575.0,0.0,0.0,218.0,9.0,0.0,0.0
2020-04-11,202015,WY,56,-2364.0,-248.0,376.0,-670.0,-4853.0,572.0,0.3624737833395058,0.0004380886816659886,0.0004301662374842285,,74.0,2253.0,2327.0,0.0,0.0,554.0,14.0,0.0,0.0
2020-04-18,202016,WY,56,-2227.0,-696.0,-963.0,-970.0,-4622.0,667.0,0.04307373055244694,0.000391150608630347,0.000291450538261184,,44.0,1019.0,1063.0,0.0,0.0,1046.0,13.0,2.0,2.0
2020-04-25,202017,WY,56,-1578.0,-322.0,280.0,-357.0,-4318.0,569.0,0.013625610430176271,0.00031292048690427764,0.00025898516184727987,,44.0,1640.0,1680.0,0.0,0.0,1868.0,4.0,5.0,7.0
2020-05-02,202018,WY,56,-1220.0,-93.0,833.0,-338.0,-4151.0,474.0,0.0,-1.564602434521388e-05,-9.592043031380738e-06,,217.0,1666.0,1883.0,0.0,0.0,2512.0,4.0,0.0,7.0
2020-05-09,202019,WY,56,,,,,,,,,,,78.0,1940.0,2018.0,0.0,0.0,2878.0,7.0,0.0,7.0
